date,player,market,line,pick,projection,actual,margin,result,flags,p_model,p_market,decimal_odds,stake_pct,realized_profit
2026-04-18,Dennis Schroder,AST,1.5,OVER,4.1,2.0,,HIT,NO-PO 2-BOOK,0.841,,,,
2026-04-18,Luke Kennard,3PM,2.5,UNDER,1.1,5.0,,MISS,NO-PO DvP-0.78,0.839,,,,
2026-04-18,Collin Murray-Boyles,PTS+REB,11.5,OVER,16.7,18.0,,HIT,NO-PO DvP-0.78,0.831,,,,
2026-04-18,Anthony Edwards,REB,5.5,UNDER,2.9,9.0,,MISS,NO-PO DvP-0.78,0.83,,,,
2026-04-18,Bruce Brown,PTS,5.5,OVER,9.1,8.0,,HIT,NO-PO DvP-0.78,0.826,,,,
2026-04-18,Sam Merrill,AST,1.5,OVER,2.7,2.0,,HIT,NO-PO DvP-0.78,0.819,,,,
2026-04-18,Jabari Smith Jr,3PM,1.5,OVER,2.7,3.0,,HIT,NO-PO,0.812,,,,
2026-04-18,Marcus Smart,PTS,11.5,UNDER,6.3,15.0,,MISS,NO-PO DvP-0.78,0.792,,,,
2026-04-18,LeBron James,PTS,25.5,UNDER,19.9,19.0,,HIT,NO-PO DvP-0.78,0.787,,,,
2026-04-18,Collin Murray-Boyles,PTS,7.5,OVER,11.3,14.0,,HIT,NO-PO DvP-0.78,0.778,,,,
2026-04-18,Donte DiVincenzo,AST,3.5,UNDER,2.0,2.0,,HIT,NO-PO DvP-0.78,0.775,,,,
2026-04-18,Nickeil Alexander-Walker,PTS,20.5,OVER,25.4,17.0,,MISS,NO-PO,0.768,,,,
2026-04-18,Ayo Dosunmu,PTS+AST,14.5,OVER,18.9,15.0,,HIT,NO-PO DvP-0.78,0.753,,,,
2026-04-18,Josh Hart,AST,4.5,UNDER,3.2,5.0,,MISS,NO-PO DvP-0.78 BLW-0m,0.744,,,,
2026-04-18,Jakob Poeltl,REB,7.5,UNDER,4.3,6.0,,HIT,NO-PO DvP-0.85,0.741,,,,
2026-04-18,Jake LaRavia,PTS,8.5,UNDER,4.5,6.0,,HIT,NO-PO DvP-0.78,0.737,,,,
2026-04-18,Jamal Shead,3PM,1.5,UNDER,0.8,5.0,,MISS,NO-PO DvP-0.78,0.733,,,,
2026-04-18,Dyson Daniels,REB,6.5,OVER,8.4,9.0,,HIT,NO-PO,0.731,,,,
2026-04-18,Ja'Kobe Walter,3PM,1.5,OVER,2.5,1.0,,MISS,NO-PO DvP-0.78,0.726,,,,
2026-04-18,Sandro Mamukelashvili,REB+AST,5.5,OVER,6.9,10.0,,HIT,NO-PO DvP-0.78,0.725,,,,
2026-04-18,Jaxson Hayes,PTS,6.5,OVER,9.9,4.0,,MISS,NO-PO DvP-0.78 LO-USG,0.72,,,,
2026-04-18,Amen Thompson,3PM,0.5,UNDER,0.1,0.0,,HIT,NO-PO DvP-0.78,0.716,,,,
2026-04-18,James Harden,REB+AST,12.5,UNDER,9.2,12.0,,HIT,NO-PO DvP-0.78,0.713,,,,
2026-04-18,Jarred Vanderbilt,REB,3.5,OVER,4.9,5.0,,HIT,⚠BENCH NO-PO DvP-0.78,0.709,,,,
2026-04-18,Scottie Barnes,PTS,17.5,UNDER,13.8,21.0,,MISS,NO-PO DvP-0.78,0.698,,,,
2026-04-18,Tari Eason,3PM,1.5,UNDER,0.8,2.0,,MISS,NO-PO DvP-0.83,0.69,,,,
2026-04-18,Max Strus,REB,3.5,OVER,4.5,3.0,,MISS,NO-PO DvP-0.78,0.682,,,,
2026-04-18,Dean Wade,3PM,0.5,OVER,1.1,1.0,,HIT,NO-PO 1-BOOK DvP-0.78,0.68,,,,
2026-04-18,Ayo Dosunmu,REB,2.5,OVER,4.2,0.0,,MISS,NO-PO DvP-0.78,0.678,,,,
2026-04-18,Jalen Brunson,REB,3.5,UNDER,2.3,5.0,,MISS,NO-PO DvP-0.78 BLW-0m,0.678,,,,
2026-04-18,Keon Ellis,PTS,3.5,OVER,7.0,3.0,,MISS,NO-PO 1-BOOK DvP-0.78 LO-USG,0.677,,,,
2026-04-18,Miles McBride,PRA,10.5,OVER,14.5,9.0,,MISS,NO-PO 2-BOOK DvP-0.78,0.672,,,,
2026-04-18,Miles McBride,3PM,1.5,OVER,2.3,2.0,,HIT,NO-PO DvP-0.78,0.663,,,,
2026-04-18,Jaden McDaniels,REB,4.5,UNDER,3.1,8.0,,MISS,NO-PO DvP-0.78,0.66,,,,
2026-04-18,Aaron Gordon,PTS,15.5,UNDER,11.5,17.0,,MISS,NO-PO DvP-0.78 BLW-1m,0.659,,,,
2026-04-18,Aaron Gordon,AST,2.5,OVER,3.4,3.0,,HIT,NO-PO DvP-0.78 BLW-1m,0.655,,,,
2026-04-18,Karl-Anthony Towns,3PM,1.5,UNDER,1.0,3.0,,MISS,NO-PO DvP-0.78 BLW-0m,0.654,,,,
2026-04-18,Mikal Bridges,REB+AST,6.5,UNDER,5.0,3.0,,HIT,NO-PO DvP-0.78 BLW-0m,0.651,,,,
2026-04-18,Mikal Bridges,REB,3.5,UNDER,2.4,2.0,,HIT,NO-PO DvP-0.78 BLW-0m,0.65,,,,
2026-04-18,Rudy Gobert,PTS,10.5,UNDER,7.5,17.0,,MISS,NO-PO DvP-0.78 LO-USG,0.648,,,,
2026-04-18,Jalen Johnson,AST,7.5,UNDER,5.9,3.0,,HIT,NO-PO,0.647,,,,
2026-04-18,Christian Braun,AST,2.5,UNDER,1.7,1.0,,HIT,NO-PO DvP-0.78 BLW-1m,0.645,,,,
2026-04-18,Christian Braun,3PM,1.5,UNDER,0.9,2.0,,MISS,NO-PO DvP-0.78 BLW-1m,0.636,,,,
2026-04-18,Mitchell Robinson,PTS,5.5,OVER,6.9,3.0,,MISS,⚠BENCH NO-PO DvP-0.78 LO-USG,0.633,,,,
2026-04-18,Jarred Vanderbilt,3PM,0.5,UNDER,0.2,1.0,,MISS,⚠BENCH NO-PO DvP-0.78,0.632,,,,
2026-04-18,Cameron Johnson,3PM,1.5,OVER,2.0,2.0,,HIT,NO-PO DvP-0.78 BLW-1m,0.628,,,,
2026-04-18,Jarrett Allen,AST,1.5,UNDER,0.8,0.0,,HIT,NO-PO 2-BOOK DvP-0.78,0.627,,,,
2026-04-18,Bruce Brown,3PM,0.5,OVER,0.9,1.0,,HIT,NO-PO 1-BOOK DvP-0.78,0.624,,,,
2026-04-18,Jonathan Kuminga,3PM,0.5,OVER,1.0,0.0,,MISS,NO-PO 1-BOOK,0.623,,,,
2026-04-18,Nikola Jokic,3PM,1.5,UNDER,1.0,2.0,,MISS,NO-PO BLW-1m,0.62,,,,
2026-04-18,LeBron James,3PM,1.5,UNDER,1.0,1.0,,HIT,NO-PO DvP-0.78,0.616,,,,
2026-04-18,Max Strus,3PM,1.5,OVER,2.2,4.0,,HIT,NO-PO DvP-0.78,0.606,,,,
2026-04-18,Dyson Daniels,3PM,0.5,OVER,0.7,0.0,,MISS,NO-PO,0.605,,,,
2026-04-18,OG Anunoby,AST,1.5,OVER,2.0,0.0,,MISS,NO-PO 2-BOOK DvP-0.78 BLW-0m,0.6,,,,
2026-04-18,Deandre Ayton,AST,0.5,OVER,0.7,2.0,,HIT,NO-PO 2-BOOK DvP-0.80,0.583,,,,
2026-04-19,Daniss Jenkins,AST,2.5,OVER,6.1,2.0,,MISS,NO-PO BLW-4m,0.973,,,,
2026-04-19,Devin Booker,PTS+AST,29.5,OVER,40.7,25.0,,MISS,NO-PO HI-USG PO-MIN+,0.927,,,,
2026-04-19,Baylor Scheierman,AST,0.5,OVER,2.4,0.0,,MISS,NO-PO 2-BOOK,0.918,,,,
2026-04-19,Paolo Banchero,AST,4.5,OVER,6.5,4.0,,MISS,NO-PO PO-MIN+,0.895,,,,
2026-04-19,Daniss Jenkins,REB,1.5,OVER,3.8,2.0,,HIT,NO-PO BLW-4m,0.884,,,,
2026-04-19,Jerami Grant,3PM,1.5,OVER,2.9,1.0,,MISS,NO-PO PO-MIN+,0.884,,,,
2026-04-19,Payton Pritchard,3PM,1.5,OVER,3.1,2.0,,HIT,NO-PO BLW-4m PO-MIN+,0.88,,,,
2026-04-19,Devin Booker,PTS,23.5,OVER,33.9,23.0,,MISS,NO-PO HI-USG PO-MIN+,0.868,,,,
2026-04-19,Shaedon Sharpe,PRA,14.5,OVER,23.5,13.0,,MISS,NO-PO,0.842,,,,
2026-04-19,Devin Vassell,REB+AST,5.5,OVER,7.8,5.0,,MISS,NO-PO PO-MIN+,0.837,,,,
2026-04-19,Jerami Grant,PTS+REB,13.5,OVER,22.9,5.0,,MISS,NO-PO 1-BOOK PO-MIN+,0.833,,,,
2026-04-19,Dylan Harper,PRA,14.5,OVER,19.9,12.0,,MISS,NO-PO,0.828,,,,
2026-04-19,Dylan Harper,3PM,0.5,OVER,1.3,0.0,,MISS,NO-PO,0.827,,,,
2026-04-19,Andre Drummond,AST,1.5,OVER,2.6,2.0,,HIT,NO-PO 2-BOOK,0.824,,,,
2026-04-19,Ausar Thompson,AST,2.5,OVER,4.2,1.0,,MISS,NO-PO,0.819,,,,
2026-04-19,Deni Avdija,PTS+AST,30.0,OVER,35.9,35.0,,HIT,NO-PO PO-MIN+,0.808,,,,
2026-04-19,Matisse Thybulle,PRA,3.5,OVER,9.1,8.0,,HIT,NO-PO 1-BOOK,0.805,,,,
2026-04-19,Duncan Robinson,AST,1.5,OVER,2.3,4.0,,HIT,NO-PO 1-BOOK,0.801,,,,
2026-04-19,Franz Wagner,AST,3.5,UNDER,2.4,4.0,,MISS,NO-PO,0.784,,,,
2026-04-19,Jalen Suggs,AST,4.5,OVER,6.1,4.0,,MISS,NO-PO PO-MIN+,0.774,,,,
2026-04-19,Keldon Johnson,PTS+REB,14.5,OVER,18.6,10.0,,MISS,NO-PO,0.774,,,,
2026-04-19,Toumani Camara,PTS+AST,13.5,OVER,19.4,9.0,,MISS,NO-PO PO-MIN+,0.769,,,,
2026-04-19,Ajay Mitchell,3PM,0.5,OVER,1.0,3.0,,HIT,NO-PO,0.763,,,,
2026-04-19,Shaedon Sharpe,PTS,10.5,OVER,17.2,10.0,,MISS,NO-PO,0.762,,,,
2026-04-19,Dominick Barlow,PRA,6.5,OVER,10.3,7.0,,HIT,NO-PO 2-BOOK LO-USG,0.756,,,,
2026-04-19,Scoot Henderson,PTS+REB,11.5,OVER,16.1,21.0,,HIT,NO-PO PO-MIN+,0.755,,,,
2026-04-19,Harrison Barnes,3PM,0.5,OVER,1.5,0.0,,MISS,NO-PO 1-BOOK,0.751,,,,
2026-04-19,Tristan da Silva,PRA,8.5,OVER,14.0,11.0,,HIT,NO-PO 2-BOOK,0.749,,,,
2026-04-19,Jalen Green,PRA,25.5,OVER,31.9,23.0,,MISS,NO-PO HI-USG PO-MIN+,0.748,,,,
2026-04-19,Dominick Barlow,REB,2.5,OVER,4.7,3.0,,HIT,NO-PO 2-BOOK,0.747,,,,
2026-04-19,Cade Cunningham,PTS,26.5,UNDER,16.7,39.0,,MISS,NO-PO BLW-4m PO-MIN+,0.746,,,,
2026-04-19,Nikola Vucevic,3PM,0.5,OVER,1.5,1.0,,HIT,NO-PO 1-BOOK,0.745,,,,
2026-04-19,Grayson Allen,PRA,13.5,OVER,18.2,,,MISS,NO-PO,0.737,,,,
2026-04-19,VJ Edgecombe,AST,4.5,OVER,6.2,3.0,,MISS,NO-PO PO-MIN+,0.734,,,,
2026-04-19,Cason Wallace,3PM,0.5,OVER,1.4,0.0,,MISS,NO-PO,0.732,,,,
2026-04-19,Dillon Brooks,AST,1.5,OVER,2.0,2.0,,HIT,NO-PO PO-MIN+,0.732,,,,
2026-04-19,Kelly Oubre Jr,REB,4.5,OVER,6.0,7.0,,HIT,NO-PO PO-MIN+,0.731,,,,
2026-04-19,Devin Vassell,REB,3.5,OVER,5.1,3.0,,MISS,NO-PO PO-MIN+,0.729,,,,
2026-04-19,Neemias Queta,AST,1.5,OVER,2.4,1.0,,MISS,NO-PO,0.723,,,,
2026-04-19,Luguentz Dort,PRA,11.5,UNDER,7.4,12.0,,MISS,NO-PO ROT-RISK,0.706,,,,
2026-04-19,Jalen Green,PTS,17.5,OVER,23.4,17.0,,MISS,NO-PO HI-USG PO-MIN+,0.702,,,,
2026-04-19,Tyrese Maxey,PTS+REB,29.5,OVER,32.7,22.0,,MISS,NO-PO PO-MIN+,0.698,,,,
2026-04-19,Scoot Henderson,PTS,9.5,OVER,13.9,18.0,,HIT,NO-PO PO-MIN+,0.696,,,,
2026-04-19,Quentin Grimes,AST,2.5,UNDER,2.0,2.0,,HIT,NO-PO,0.695,,,,
2026-04-19,Luguentz Dort,AST,0.5,OVER,0.8,2.0,,HIT,NO-PO 2-BOOK ROT-RISK,0.69,,,,
2026-04-19,Jrue Holiday,REB,4.5,OVER,5.8,4.0,,MISS,NO-PO PO-MIN+,0.679,,,,
2026-04-19,Keldon Johnson,PTS,10.5,OVER,14.0,3.0,,MISS,NO-PO,0.677,,,,
2026-04-19,Jalen Williams,AST,4.5,OVER,5.5,6.0,,HIT,NO-PO,0.676,,,,
2026-04-19,Jalen Duren,AST,2.5,OVER,3.2,1.0,,MISS,NO-PO BLW-4m PO-MIN+,0.675,,,,
2026-04-19,Wendell Carter Jr,REB,7.5,UNDER,5.8,7.0,,HIT,NO-PO,0.675,,,,
2026-04-19,Isaiah Hartenstein,PTS,7.5,UNDER,5.2,8.0,,MISS,NO-PO ROT-RISK,0.665,,,,
2026-04-19,Anthony Black,REB,2.5,OVER,3.2,3.0,,HIT,NO-PO,0.659,,,,
2026-04-19,Shai Gilgeous-Alexander,REB,4.5,UNDER,3.4,4.0,,HIT,NO-PO BLW-4m PO-MIN+,0.653,,,,
2026-04-19,Sam Hauser,PTS+AST,8.5,OVER,10.7,14.0,,HIT,NO-PO,0.633,,,,
2026-04-19,Quentin Grimes,REB,2.5,OVER,3.1,4.0,,HIT,NO-PO,0.633,,,,
2026-04-19,Tristan da Silva,PTS,4.5,OVER,8.2,7.0,,HIT,NO-PO,0.611,,,,
2026-04-20,Anthony Edwards,REB+AST,10.5,UNDER,8.124,12.0,,MISS,LOW-PO,0.792,,,,
2026-04-20,Jakob Poeltl,REB,6.5,UNDER,4.124,4.0,,HIT,LOW-PO,0.784,,,,
2026-04-20,Anthony Edwards,REB,5.5,UNDER,3.9160000000000004,10.0,,MISS,LOW-PO,0.775,,,,
2026-04-20,Nickeil Alexander-Walker,PTS+AST,23.5,OVER,28.604000000000003,15.0,,MISS,LOW-PO,0.773,,,,
2026-04-20,James Harden,PTS+AST,27.5,OVER,31.636000000000003,32.0,,HIT,LOW-PO,0.757,,,,
2026-04-20,Cameron Johnson,PTS+AST,14.5,OVER,18.284,15.0,,HIT,LOW-PO,0.742,,,,
2026-04-20,Ayo Dosunmu,PTS,12.5,OVER,17.252,9.0,,MISS,LOW-PO,0.732,,,,
2026-04-20,Evan Mobley,PTS+AST,19.5,OVER,23.46,27.0,,HIT,LOW-PO,0.726,,,,
2026-04-20,Jonathan Kuminga,REB,5.5,UNDER,4.268,4.0,,HIT,LOW-PO,0.725,,,,
2026-04-20,Christian Braun,PTS+AST,13.5,OVER,16.844,21.0,,HIT,LOW-PO,0.718,,,,
2026-04-20,Sandro Mamukelashvili,REB,4.5,UNDER,3.532,10.0,,MISS,LOW-PO ROT-RISK,0.703,,,,
2026-04-20,Karl-Anthony Towns,PTS+AST,23.5,OVER,26.844,20.0,,MISS,LOW-PO,0.703,,,,
2026-04-20,Sam Merrill,PRA,12.5,OVER,17.076,7.0,,MISS,LOW-PO,0.701,,,,
2026-04-20,Donovan Mitchell,PTS+AST,32.0,OVER,36.312,35.0,,HIT,LOW-PO HI-USG,0.697,,,,
2026-04-20,Dyson Daniels,REB+AST,12.5,OVER,14.436,6.0,,MISS,LOW-PO,0.696,,,,
2026-04-20,James Harden,PTS,19.5,OVER,24.076,28.0,,HIT,LOW-PO,0.683,,,,
2026-04-20,Max Strus,REB,3.5,OVER,4.204,3.0,,MISS,LOW-PO,0.679,,,,
2026-04-20,Nikola Jokic,REB,13.5,OVER,15.084,15.0,,HIT,LOW-PO,0.677,,,,
2026-04-20,Collin Murray-Boyles,REB,4.5,OVER,5.1160000000000005,7.0,,HIT,LOW-PO,0.673,,,,
2026-04-20,Nickeil Alexander-Walker,PTS,20.5,OVER,25.34,9.0,,MISS,LOW-PO,0.667,,,,
2026-04-20,Donte DiVincenzo,3PM,2.5,OVER,3.116,4.0,,HIT,LOW-PO,0.665,,,,
2026-04-20,Dean Wade,REB,3.5,UNDER,2.884,5.0,,MISS,LOW-PO ROT-RISK,0.664,,,,
2026-04-20,Jalen Johnson,REB,9.5,OVER,10.468,8.0,,MISS,LOW-PO,0.662,,,,
2026-04-20,Jalen Brunson,REB+AST,10.5,OVER,11.995999999999999,9.0,,MISS,LOW-PO,0.657,,,,
2026-04-20,Jarrett Allen,PTS+AST,14.5,OVER,17.491999999999997,11.0,,MISS,LOW-PO,0.655,,,,
2026-04-20,Aaron Gordon,REB+AST,8.5,OVER,9.995999999999999,11.0,,HIT,LOW-PO,0.655,,,,
2026-04-20,Donte DiVincenzo,REB+AST,6.5,UNDER,5.356000000000001,13.0,,MISS,LOW-PO,0.648,,,,
2026-04-20,Dyson Daniels,AST,4.5,OVER,5.82,2.0,,MISS,LOW-PO,0.639,,,,
2026-04-20,Cameron Johnson,AST,2.5,OVER,3.38,2.0,,MISS,LOW-PO,0.637,,,,
2026-04-20,OG Anunoby,REB+AST,7.5,OVER,8.644,10.0,,HIT,LOW-PO,0.616,,,,
2026-04-20,Bruce Brown,REB,3.5,OVER,4.204,3.0,,MISS,LOW-PO,0.614,,,,
2026-04-20,Jamal Murray,REB,4.5,OVER,5.1160000000000005,7.0,,HIT,LOW-PO,0.612,,,,
2026-04-20,Christian Braun,PTS,11.5,OVER,14.668,16.0,,HIT,LOW-PO,0.607,,,,
2026-04-20,Karl-Anthony Towns,AST,3.5,OVER,4.644,2.0,,MISS,LOW-PO,0.592,,,,
2026-04-20,Rudy Gobert,PTS,11.5,UNDER,9.475999999999999,2.0,,HIT,LOW-PO LO-USG,0.58,,,,
2026-04-20,Jalen Brunson,AST,7.5,OVER,8.644,7.0,,MISS,LOW-PO,0.572,,,,
2026-04-20,Ayo Dosunmu,REB,2.5,OVER,5.0520000000000005,4.0,,HIT,⚠SUSP-102% LOW-PO,0.572,,,,
2026-04-20,Naz Reid,AST,1.5,UNDER,1.236,1.0,,HIT,NO-PO ⚠PO-ROLE LOW-LINE,0.568,,,,
2026-04-20,Jarrett Allen,AST,1.5,UNDER,0.8840000000000001,1.0,,HIT,⚠SUSP-41% LOW-PO LOW-LINE,0.563,,,,
2026-04-20,Bruce Brown,PTS,5.5,OVER,9.372,7.0,,HIT,⚠SUSP-70% LOW-PO,0.554,,,,
2026-04-20,Scottie Barnes,AST,5.5,OVER,8.315999999999999,5.0,,MISS,⚠SUSP-51% LOW-PO,0.529,,,,
2026-04-20,Aaron Gordon,AST,2.5,OVER,4.172000000000001,4.0,,HIT,⚠SUSP-67% LOW-PO,0.524,,,,
2026-04-20,Ja'Kobe Walter,PTS,7.5,OVER,9.700000000000001,14.0,,HIT,LOW-PO,0.506,,,,
2026-04-20,Keon Ellis,PTS,3.5,OVER,7.284,0.0,,MISS,⚠SUSP-108% NO-PO ⚠PO-ROLE LO-USG,0.5,,,,
2026-04-20,Collin Murray-Boyles,PTS,7.5,OVER,11.284,17.0,,HIT,⚠SUSP-50% LOW-PO,0.5,,,,
2026-04-20,Dennis Schroder,PTS,4.5,OVER,5.732,5.0,,HIT,⚠BENCH NO-PO ⚠PO-ROLE ROT-RISK,0.5,,,,
2026-04-20,Miles McBride,PTS,7.5,OVER,11.02,0.0,,MISS,⚠SUSP-47% LOW-PO,0.5,,,,
2026-04-20,OG Anunoby,AST,1.5,OVER,2.3800000000000003,2.0,,HIT,⚠SUSP-59% LOW-PO LOW-LINE,0.5,,,,
2026-04-20,Landry Shamet,PTS,5.5,OVER,6.1160000000000005,0.0,,MISS,⚠BENCH LOW-PO,0.5,,,,
2026-04-20,Jamal Murray,3PM,2.5,OVER,3.9079999999999995,6.0,,HIT,⚠SUSP-56% LOW-PO,0.5,,,,
2026-04-21,Deni Avdija,PTS+AST,30.5,OVER,36.308,17.0,,MISS,LOW-PO,0.842,,,,
2026-04-21,Stephon Castle,REB+AST,12.5,OVER,16.988,12.0,,MISS,LOW-PO BLW-3m,0.823,,,,
2026-04-21,Quentin Grimes,AST,2.5,UNDER,1.8840000000000001,1.0,,HIT,LOW-PO,0.777,,,,
2026-04-21,Deandre Ayton,REB+AST,9.5,UNDER,6.596,6.0,,HIT,LOW-PO,0.776,,,,
2026-04-21,Stephon Castle,REB,5.5,OVER,7.7,7.0,,HIT,LOW-PO BLW-3m,0.765,,,,
2026-04-21,Jabari Smith Jr,3PM,2.0,OVER,2.792,3.0,,HIT,LOW-PO,0.764,,,,
2026-04-21,Kevin Durant,REB,4.5,OVER,5.9079999999999995,6.0,,HIT,NO-PO ⚠PO-ROLE,0.762,,,,
2026-04-21,Tyrese Maxey,AST,6.5,UNDER,5.356000000000001,9.0,,MISS,LOW-PO,0.76,,,,
2026-04-21,Amen Thompson,PTS+AST,22.5,OVER,26.284,25.0,,HIT,LOW-PO,0.76,,,,
2026-04-21,Devin Vassell,REB+AST,5.5,OVER,6.996,14.0,,HIT,LOW-PO BLW-3m,0.732,,,,
2026-04-21,Jrue Holiday,REB,4.5,OVER,5.82,5.0,,HIT,LOW-PO,0.73,,,,
2026-04-21,Dylan Harper,PRA,14.5,OVER,19.252,12.0,,MISS,LOW-PO,0.727,,,,
2026-04-21,Julian Champagnie,REB+AST,5.5,OVER,7.26,4.0,,MISS,LOW-PO,0.724,,,,
2026-04-21,Victor Wembanyama,PTS+AST,31.5,OVER,36.516000000000005,6.0,,MISS,LOW-PO HI-USG BLW-3m,0.72,,,,
2026-04-21,Marcus Smart,PTS,12.5,UNDER,8.364,25.0,,MISS,LOW-PO,0.719,,,,
2026-04-21,Jaylen Brown,PTS+AST,30.5,OVER,34.724,40.0,,HIT,LOW-PO HI-USG BLW-3m,0.716,,,,
2026-04-21,Payton Pritchard,3PM,2.5,OVER,3.292,0.0,,MISS,LOW-PO BLW-3m,0.715,,,,
2026-04-21,Luke Kennard,REB,3.5,UNDER,2.444,6.0,,MISS,LOW-PO,0.715,,,,
2026-04-21,Donovan Clingan,PTS+AST,10.5,OVER,13.668,11.0,,HIT,LOW-PO,0.714,,,,
2026-04-21,Andre Drummond,REB+AST,8.5,OVER,10.964,10.0,,HIT,LOW-PO,0.708,,,,
2026-04-21,VJ Edgecombe,REB+AST,9.0,OVER,11.376,12.0,,HIT,LOW-PO,0.704,,,,
2026-04-21,Toumani Camara,PRA,17.5,OVER,23.748,20.0,,HIT,LOW-PO,0.701,,,,
2026-04-21,Devin Vassell,REB,3.5,OVER,4.644,12.0,,HIT,LOW-PO BLW-3m,0.7,,,,
2026-04-21,De'Aaron Fox,PTS+AST,22.5,OVER,25.228,21.0,,MISS,LOW-PO BLW-3m,0.692,,,,
2026-04-21,Tari Eason,REB,4.5,OVER,5.556,8.0,,HIT,LOW-PO,0.676,,,,
2026-04-21,Sam Hauser,PTS+AST,8.5,OVER,10.787999999999998,7.0,,MISS,LOW-PO,0.672,,,,
2026-04-21,Scoot Henderson,PTS+AST,12.5,OVER,19.1,31.0,,HIT,⚠SUSP-53% LOW-PO,0.671,,,,
2026-04-21,Amen Thompson,AST,4.5,OVER,5.644,9.0,,HIT,LOW-PO,0.645,,,,
2026-04-21,Nikola Vucevic,REB+AST,6.5,OVER,9.052,6.0,,MISS,NO-PO ⚠PO-ROLE,0.643,,,,
2026-04-21,Kevin Durant,AST,4.5,OVER,6.26,4.0,,MISS,NO-PO ⚠PO-ROLE,0.642,,,,
2026-04-21,Neemias Queta,PTS+AST,10.5,OVER,14.196,8.0,,MISS,NO-PO ⚠PO-ROLE,0.64,,,,
2026-04-21,Rui Hachimura,PRA,19.5,UNDER,15.716,20.0,,MISS,LOW-PO,0.638,,,,
2026-04-21,Rui Hachimura,PTS,14.5,UNDER,11.596,13.0,,HIT,LOW-PO,0.637,,,,
2026-04-21,Derrick White,REB,4.5,UNDER,3.708,2.0,,HIT,LOW-PO BLW-3m,0.636,,,,
2026-04-21,Shaedon Sharpe,PTS,10.5,OVER,19.124000000000002,9.0,,MISS,⚠SUSP-82% LOW-PO,0.63,,,,
2026-04-21,Jabari Smith Jr,PTS,14.5,OVER,17.228,18.0,,HIT,LOW-PO,0.614,,,,
2026-04-21,Jake LaRavia,PTS,6.5,UNDER,4.828,0.0,,HIT,⚠BENCH LOW-PO,0.605,,,,
2026-04-21,Jerami Grant,PTS,10.5,OVER,18.772000000000002,5.0,,MISS,⚠SUSP-79% ⚠BENCH LOW-PO,0.604,,,,
2026-04-21,Dylan Harper,REB,2.5,OVER,3.6439999999999997,0.0,,MISS,⚠SUSP-46% LOW-PO,0.604,,,,
2026-04-21,Jarred Vanderbilt,REB,4.5,UNDER,3.7960000000000003,5.0,,MISS,⚠BENCH LOW-PO ROT-RISK,0.598,,,,
2026-04-21,Payton Pritchard,PTS,13.5,OVER,16.491999999999997,4.0,,MISS,LOW-PO BLW-3m,0.54,,,,
2026-04-21,Keldon Johnson,PTS,9.5,OVER,14.076,7.0,,MISS,⚠SUSP-48% LOW-PO,0.54,,,,
2026-04-21,Toumani Camara,PTS,10.5,OVER,16.924000000000003,10.0,,MISS,⚠SUSP-61% LOW-PO,0.508,,,,
2026-04-21,VJ Edgecombe,AST,3.5,OVER,5.348,2.0,,MISS,⚠SUSP-53% LOW-PO,0.5,,,,
2026-04-21,Nikola Vucevic,PTS,7.5,OVER,10.668,9.0,,HIT,⚠SUSP-42% NO-PO ⚠PO-ROLE,0.5,,,,
2026-04-21,Jaxson Hayes,PTS,5.5,OVER,9.812000000000001,6.0,,HIT,⚠SUSP-78% NO-PO ⚠PO-ROLE LO-USG,0.5,,,,
2026-04-22,Devin Booker,PTS+AST,28.5,OVER,35.804,26.0,,MISS,LOW-PO HI-USG,0.846,,,,
2026-04-22,Franz Wagner,AST,3.5,UNDER,2.62,1.0,,HIT,LOW-PO,0.791,,,,
2026-04-22,Paolo Banchero,REB,7.5,OVER,9.084000000000001,6.0,,MISS,LOW-PO,0.786,,,,
2026-04-22,Cade Cunningham,PTS,28.5,UNDER,18.732,27.0,,HIT,LOW-PO BLW-2m,0.777,,,,
2026-04-22,Jalen Duren,PTS+AST,20.0,OVER,24.224,15.0,,MISS,LOW-PO BLW-2m,0.759,,,,
2026-04-22,Anthony Black,REB,2.5,OVER,3.2039999999999997,3.0,,HIT,LOW-PO,0.746,,,,
2026-04-22,Devin Booker,PTS,23.5,OVER,29.924,22.0,,MISS,LOW-PO HI-USG,0.727,,,,
2026-04-22,Wendell Carter Jr,REB+AST,9.5,UNDER,7.739999999999999,5.0,,HIT,LOW-PO,0.721,,,,
2026-04-22,Daniss Jenkins,REB,1.5,OVER,3.7,2.0,,HIT,⚠SUSP-147% LOW-PO LOW-LINE BLW-2m,0.716,,,,
2026-04-22,Dillon Brooks,REB,3.5,OVER,4.028,6.0,,HIT,LOW-PO,0.702,,,,
2026-04-22,Jalen Suggs,PTS+AST,18.5,OVER,21.58,23.0,,HIT,LOW-PO,0.695,,,,
2026-04-22,Duncan Robinson,PTS+AST,12.5,OVER,14.964,13.0,,HIT,LOW-PO,0.681,,,,
2026-04-22,Luguentz Dort,PTS,7.5,UNDER,5.564,9.0,,MISS,LOW-PO ROT-RISK,0.662,,,,
2026-04-22,Isaiah Joe,3PM,1.5,OVER,3.524,2.0,,HIT,⚠SUSP-135% LOW-PO LOW-LINE,0.66,,,,
2026-04-22,Isaiah Hartenstein,PTS,7.5,UNDER,5.652000000000001,9.0,,MISS,LOW-PO ROT-RISK,0.659,,,,
2026-04-22,Ajay Mitchell,PTS+AST,12.5,OVER,14.26,19.0,,HIT,LOW-PO,0.659,,,,
2026-04-22,Jalen Suggs,AST,4.5,OVER,6.172000000000001,4.0,,MISS,LOW-PO,0.649,,,,
2026-04-22,Isaiah Joe,PTS,6.5,OVER,13.892,6.0,,MISS,⚠SUSP-114% LOW-PO,0.641,,,,
2026-04-22,Jalen Green,PTS+AST,21.5,OVER,24.228,24.0,,HIT,LOW-PO HI-USG,0.634,,,,
2026-04-22,Cason Wallace,REB,2.5,OVER,2.94,6.0,,HIT,LOW-PO,0.612,,,,
2026-04-22,Daniss Jenkins,AST,2.5,OVER,5.58,2.0,,MISS,⚠SUSP-123% LOW-PO BLW-2m,0.61,,,,
2026-04-22,Shai Gilgeous-Alexander,REB,4.5,UNDER,3.7960000000000003,5.0,,MISS,LOW-PO BLW-5m,0.61,,,,
2026-04-22,Desmond Bane,REB,3.5,OVER,3.852,4.0,,HIT,LOW-PO,0.595,,,,
2026-04-22,Duncan Robinson,AST,1.5,OVER,2.028,3.0,,HIT,LOW-PO LOW-LINE,0.582,,,,
2026-04-22,Paolo Banchero,AST,4.5,OVER,6.612,8.0,,HIT,⚠SUSP-47% LOW-PO,0.573,,,,
2026-04-22,Tristan da Silva,REB,2.5,OVER,3.556,3.0,,HIT,⚠SUSP-42% LOW-PO,0.565,,,,
2026-04-22,Anthony Black,PTS,8.5,OVER,11.491999999999999,5.0,,MISS,LOW-PO,0.557,,,,
2026-04-22,Kevin Huerter,PTS,4.5,OVER,9.515999999999998,3.0,,MISS,⚠SUSP-112% ⚠BENCH LOW-PO,0.551,,,,
2026-04-22,Jalen Green,AST,2.5,OVER,3.116,3.0,,HIT,LOW-PO,0.518,,,,
2026-04-22,Alex Caruso,3PM,0.5,OVER,0.6759999999999999,1.0,,HIT,NO-PO ⚠PO-ROLE LOW-LINE ROT-RISK,0.516,,,,
2026-04-22,Ausar Thompson,AST,2.5,OVER,3.7319999999999998,1.0,,MISS,⚠SUSP-49% LOW-PO,0.5,,,,
2026-04-22,Goga Bitadze,REB,3.5,OVER,5.172000000000001,5.0,,HIT,⚠SUSP-48% ⚠BENCH NO-PO ⚠PO-ROLE ROT-RISK,0.5,,,,
2026-04-22,Ajay Mitchell,AST,2.5,OVER,3.556,5.0,,HIT,⚠SUSP-42% LOW-PO,0.5,,,,
2026-04-22,Devin Booker,PTS+AST,28.5,OVER,35.804,26.0,-2.5,MISS,LOW-PO HI-USG,0.846,,,,
2026-04-22,Franz Wagner,AST,3.5,UNDER,2.62,1.0,2.5,HIT,LOW-PO,0.791,,,,
2026-04-22,Paolo Banchero,REB,7.5,OVER,9.084000000000001,6.0,-1.5,MISS,LOW-PO,0.786,,,,
2026-04-22,Cade Cunningham,PTS,28.5,UNDER,18.732,27.0,1.5,HIT,LOW-PO BLW-2m,0.777,,,,
2026-04-22,Jalen Duren,PTS+AST,20.0,OVER,24.224,15.0,-5.0,MISS,LOW-PO BLW-2m,0.759,,,,
2026-04-22,Anthony Black,REB,2.5,OVER,3.2039999999999997,3.0,0.5,HIT,LOW-PO,0.746,,,,
2026-04-22,Devin Booker,PTS,23.5,OVER,29.924,22.0,-1.5,MISS,LOW-PO HI-USG,0.727,,,,
2026-04-22,Wendell Carter Jr,REB+AST,9.5,UNDER,7.739999999999999,5.0,4.5,HIT,LOW-PO,0.721,,,,
2026-04-22,Daniss Jenkins,REB,1.5,OVER,3.7,2.0,0.5,HIT,⚠SUSP-147% LOW-PO LOW-LINE BLW-2m,0.716,,,,
2026-04-22,Dillon Brooks,REB,3.5,OVER,4.028,6.0,2.5,HIT,LOW-PO,0.702,,,,
2026-04-22,Jalen Suggs,PTS+AST,18.5,OVER,21.58,23.0,4.5,HIT,LOW-PO,0.695,,,,
2026-04-22,Duncan Robinson,PTS+AST,12.5,OVER,14.964,13.0,0.5,HIT,LOW-PO,0.681,,,,
2026-04-22,Luguentz Dort,PTS,7.5,UNDER,5.564,9.0,-1.5,MISS,LOW-PO ROT-RISK,0.662,,,,
2026-04-22,Isaiah Joe,3PM,1.5,OVER,3.524,2.0,0.5,HIT,⚠SUSP-135% LOW-PO LOW-LINE,0.66,,,,
2026-04-22,Isaiah Hartenstein,PTS,7.5,UNDER,5.652000000000001,9.0,-1.5,MISS,LOW-PO ROT-RISK,0.659,,,,
2026-04-22,Ajay Mitchell,PTS+AST,12.5,OVER,14.26,19.0,6.5,HIT,LOW-PO,0.659,,,,
2026-04-22,Jalen Suggs,AST,4.5,OVER,6.172000000000001,4.0,-0.5,MISS,LOW-PO,0.649,,,,
2026-04-22,Isaiah Joe,PTS,6.5,OVER,13.892,6.0,-0.5,MISS,⚠SUSP-114% LOW-PO,0.641,,,,
2026-04-22,Jalen Green,PTS+AST,21.5,OVER,24.228,24.0,2.5,HIT,LOW-PO HI-USG,0.634,,,,
2026-04-22,Cason Wallace,REB,2.5,OVER,2.94,6.0,3.5,HIT,LOW-PO,0.612,,,,
2026-04-22,Daniss Jenkins,AST,2.5,OVER,5.58,2.0,-0.5,MISS,⚠SUSP-123% LOW-PO BLW-2m,0.61,,,,
2026-04-22,Shai Gilgeous-Alexander,REB,4.5,UNDER,3.7960000000000003,5.0,-0.5,MISS,LOW-PO BLW-5m,0.61,,,,
2026-04-22,Desmond Bane,REB,3.5,OVER,3.852,4.0,0.5,HIT,LOW-PO,0.595,,,,
2026-04-22,Duncan Robinson,AST,1.5,OVER,2.028,3.0,1.5,HIT,LOW-PO LOW-LINE,0.582,,,,
2026-04-22,Paolo Banchero,AST,4.5,OVER,6.612,8.0,3.5,HIT,⚠SUSP-47% LOW-PO,0.573,,,,
2026-04-22,Tristan da Silva,REB,2.5,OVER,3.556,3.0,0.5,HIT,⚠SUSP-42% LOW-PO,0.565,,,,
2026-04-22,Anthony Black,PTS,8.5,OVER,11.491999999999999,5.0,-3.5,MISS,LOW-PO,0.557,,,,
2026-04-22,Kevin Huerter,PTS,4.5,OVER,9.515999999999998,3.0,-1.5,MISS,⚠SUSP-112% ⚠BENCH LOW-PO,0.551,,,,
2026-04-22,Jalen Green,AST,2.5,OVER,3.116,3.0,0.5,HIT,LOW-PO,0.518,,,,
2026-04-22,Alex Caruso,3PM,0.5,OVER,0.6759999999999999,1.0,0.5,HIT,NO-PO ⚠PO-ROLE LOW-LINE ROT-RISK,0.516,,,,
2026-04-22,Ausar Thompson,AST,2.5,OVER,3.7319999999999998,1.0,-1.5,MISS,⚠SUSP-49% LOW-PO,0.5,,,,
2026-04-22,Goga Bitadze,REB,3.5,OVER,5.172000000000001,5.0,1.5,HIT,⚠SUSP-48% ⚠BENCH NO-PO ⚠PO-ROLE ROT-RISK,0.5,,,,
2026-04-22,Ajay Mitchell,AST,2.5,OVER,3.556,5.0,2.5,HIT,⚠SUSP-42% LOW-PO,0.5,,,,
2026-04-23,Sandro Mamukelashvili,REB,4.5,OVER,5.556,2.0,-2.5,MISS,ROT-RISK,0.829,,,,
2026-04-23,Mitchell Robinson,AST,0.5,UNDER,0.41200000000000003,0.0,0.5,HIT,⚠BENCH LOW-PO LOW-LINE ROT-RISK,0.796,,,,
2026-04-23,Rudy Gobert,REB,10.5,OVER,11.995999999999999,12.0,1.5,HIT,,0.779,,,,
2026-04-23,James Harden,3PM,2.5,OVER,3.38,3.0,0.5,HIT,,0.773,,,,
2026-04-23,Dyson Daniels,REB,6.5,OVER,7.732,13.0,6.5,HIT,,0.757,,,,
2026-04-23,Jarrett Allen,AST,1.5,UNDER,1.1480000000000001,1.0,0.5,HIT,LOW-LINE,0.744,,,,
2026-04-23,Scottie Barnes,REB,7.5,UNDER,5.388,5.0,2.5,HIT,DvP-0.85,0.743,,,,
2026-04-23,Josh Hart,REB+AST,13.5,UNDER,11.212,15.0,-1.5,MISS,,0.74,,,,
2026-04-23,Max Strus,REB,3.5,OVER,4.292000000000001,6.0,2.5,HIT,,0.738,,,,
2026-04-23,Donte DiVincenzo,3PM,2.5,OVER,3.2039999999999997,3.0,0.5,HIT,,0.729,,,,
2026-04-23,Sam Merrill,REB,2.0,OVER,2.5280000000000005,3.0,1.0,HIT,,0.728,,,,
2026-04-23,Collin Murray-Boyles,PTS+AST,11.5,OVER,14.579999999999998,24.0,12.5,HIT,DvP+1.14,0.728,,,,
2026-04-23,Anthony Edwards,REB+AST,10.5,UNDER,8.828,8.0,2.5,HIT,,0.728,,,,
2026-04-23,Nickeil Alexander-Walker,PTS+AST,22.5,OVER,26.284,14.0,-8.5,MISS,,0.719,,,,
2026-04-23,Dean Wade,AST,1.5,UNDER,1.236,0.0,1.5,HIT,LOW-LINE ROT-RISK,0.704,,,,
2026-04-23,Evan Mobley,PTS+AST,19.5,OVER,22.756,22.0,2.5,HIT,,0.697,,,,
2026-04-23,OG Anunoby,REB,5.5,OVER,6.292000000000001,9.0,3.5,HIT,,0.691,,,,
2026-04-23,Karl-Anthony Towns,PTS+AST,22.5,OVER,25.491999999999997,25.0,2.5,HIT,,0.689,,,,
2026-04-23,Cameron Johnson,PTS+AST,14.5,OVER,17.228,7.0,-7.5,MISS,,0.686,,,,
2026-04-23,Ayo Dosunmu,PRA,17.5,OVER,24.012,37.0,19.5,HIT,,0.684,,,,
2026-04-23,Bruce Brown,PRA,11.5,OVER,15.195999999999998,15.0,3.5,HIT,LOW-PO,0.675,,,,
2026-04-23,Jamal Murray,REB,4.5,OVER,5.028,3.0,-1.5,MISS,,0.672,,,,
2026-04-23,Mikal Bridges,REB+AST,6.5,UNDER,5.444,3.0,3.5,HIT,,0.649,,,,
2026-04-23,Christian Braun,PTS+AST,14.5,OVER,16.436,2.0,-12.5,MISS,,0.641,,,,
2026-04-23,Brandon Ingram,PTS+AST,24.0,OVER,26.816,14.0,-10.0,MISS,DvP+1.14,0.639,,,,
2026-04-23,James Harden,REB,4.5,UNDER,3.532,4.0,0.5,HIT,,0.633,,,,
2026-04-23,Tim Hardaway Jr,REB,2.5,OVER,2.764,5.0,2.5,HIT,,0.632,,,,
2026-04-23,Dyson Daniels,AST,4.5,OVER,6.084,6.0,1.5,HIT,,0.629,,,,
2026-04-23,Jalen Brunson,REB+AST,10.0,OVER,11.232,7.0,-3.0,MISS,,0.611,,,,
2026-04-23,Mikal Bridges,REB,3.5,UNDER,2.884,1.0,2.5,HIT,,0.604,,,,
2026-04-23,Bruce Brown,PTS,6.5,OVER,8.876,9.0,2.5,HIT,LOW-PO,0.6,,,,
2026-04-23,Jarrett Allen,PTS,12.5,OVER,17.34,12.0,-0.5,MISS,,0.591,,,,
2026-04-23,Collin Murray-Boyles,PTS,9.5,OVER,12.668000000000001,22.0,12.5,HIT,DvP+1.12,0.587,,,,
2026-04-23,Ayo Dosunmu,REB,2.5,OVER,4.436,3.0,0.5,HIT,⚠SUSP-77%,0.572,,,,
2026-04-23,Jalen Brunson,AST,6.5,OVER,7.82,4.0,-2.5,MISS,,0.561,,,,
2026-04-23,Jamal Murray,AST,6.5,OVER,7.468,4.0,-2.5,MISS,,0.554,,,,
2026-04-23,Tim Hardaway Jr,PTS+REB,12.5,OVER,15.052,16.0,3.5,HIT,,0.553,,,,
2026-04-23,Miles McBride,REB,1.5,OVER,2.3800000000000003,1.0,-0.5,MISS,⚠SUSP-59% LOW-PO LOW-LINE,0.545,,,,
2026-04-23,Jonathan Kuminga,3PM,1.5,UNDER,1.06,2.0,-0.5,MISS,LOW-LINE,0.536,,,,
2026-04-23,Cameron Johnson,PTS,11.5,OVER,14.315999999999999,6.0,-5.5,MISS,,0.536,,,,
2026-04-23,Christian Braun,PTS,11.5,OVER,13.875999999999998,2.0,-9.5,MISS,,0.511,,,,
2026-04-23,Miles McBride,PTS,5.5,OVER,10.692,15.0,9.5,HIT,⚠SUSP-94% LOW-PO,0.5,,,,
2026-04-23,Karl-Anthony Towns,AST,2.5,OVER,4.084,4.0,1.5,HIT,⚠SUSP-63%,0.5,,,,
2026-04-23,Jordan Clarkson,PTS,4.5,OVER,5.996,8.0,3.5,HIT,⚠BENCH NO-PO ⚠PO-ROLE ROT-RISK,0.5,,,,
2026-04-23,OG Anunoby,AST,1.5,OVER,2.028,1.0,-0.5,MISS,LOW-LINE,0.5,,,,
2026-04-23,Jonathan Kuminga,AST,1.5,OVER,1.764,0.0,-1.5,MISS,LOW-LINE,0.5,,,,
2026-04-23,Scottie Barnes,AST,5.5,OVER,8.315999999999999,11.0,5.5,HIT,⚠SUSP-51% DvP+1.16,0.5,,,,
2026-04-23,Sam Merrill,PTS,7.5,OVER,11.196,3.0,-4.5,MISS,⚠SUSP-49%,0.5,,,,
2026-04-23,Dennis Schroder,PTS,4.5,OVER,6.172000000000001,3.0,-1.5,MISS,⚠BENCH NO-PO ⚠PO-ROLE ROT-RISK,0.5,,,,
2026-04-23,Ja'Kobe Walter,PTS,7.5,OVER,9.964,0.0,-7.5,MISS,,0.5,,,,
2026-04-23,Sandro Mamukelashvili,AST,1.5,OVER,2.028,1.0,-0.5,MISS,LOW-LINE ROT-RISK,0.5,,,,
2026-04-23,Max Strus,PTS,8.5,OVER,10.7,15.0,6.5,HIT,,0.5,,,,
2026-04-23,Donte DiVincenzo,PTS,10.5,OVER,11.995999999999999,15.0,4.5,HIT,,0.5,,,,
2026-04-24,Tyrese Maxey,AST,6.5,UNDER,5.0040000000000004,6.0,0.5,HIT,,0.865,,,,
2026-04-24,Kevin Durant,REB,5.5,OVER,6.292000000000001,,,MISS,LOW-PO DvP+1.18,0.836,,,,
2026-04-24,Donovan Clingan,REB,9.5,OVER,10.908,11.0,1.5,HIT,,0.828,,,,
2026-04-24,Tari Eason,REB,5.5,OVER,6.556,4.0,-1.5,MISS,DvP+1.18,0.791,,,,
2026-04-24,Quentin Grimes,REB,2.5,OVER,3.292,4.0,1.5,HIT,,0.781,,,,
2026-04-24,Devin Vassell,REB,4.5,OVER,5.468,7.0,2.5,HIT,,0.779,,,,
2026-04-24,Sam Hauser,REB,3.5,OVER,4.204,3.0,-0.5,MISS,,0.763,,,,
2026-04-24,Jayson Tatum,3PM,2.5,OVER,3.028,5.0,2.5,HIT,BLW-0m,0.763,,,,
2026-04-24,Scoot Henderson,PTS+AST,16.5,OVER,21.164,22.0,5.5,HIT,,0.759,,,,
2026-04-24,Paul George,AST,3.5,UNDER,2.972,5.0,-1.5,MISS,,0.749,,,,
2026-04-24,Kelly Oubre Jr,AST,1.5,UNDER,1.236,1.0,0.5,HIT,LOW-LINE,0.744,,,,
2026-04-24,Deandre Ayton,REB+AST,8.5,UNDER,6.827999999999999,8.0,0.5,HIT,,0.732,,,,
2026-04-24,Stephon Castle,AST,6.5,OVER,8.524000000000001,5.0,-1.5,MISS,,0.725,,,,
2026-04-24,Jrue Holiday,REB,4.5,OVER,5.1160000000000005,6.0,1.5,HIT,,0.725,,,,
2026-04-24,Toumani Camara,PTS+AST,12.5,OVER,16.636,3.0,-9.5,MISS,,0.719,,,,
2026-04-24,Keldon Johnson,REB,4.5,OVER,5.204,5.0,0.5,HIT,⚠BENCH,0.715,,,,
2026-04-24,Jaxson Hayes,REB,3.5,OVER,4.028,4.0,0.5,HIT,LOW-PO,0.711,,,,
2026-04-24,Jake LaRavia,REB,2.5,OVER,4.172000000000001,2.0,-0.5,MISS,⚠SUSP-67% ⚠BENCH LOW-PO,0.708,,,,
2026-04-24,Josh Okogie,REB,2.5,OVER,3.38,1.0,-1.5,MISS,ROT-RISK,0.69,,,,
2026-04-24,Neemias Queta,REB,7.5,OVER,8.292,7.0,-0.5,MISS,LOW-PO,0.685,,,,
2026-04-24,Payton Pritchard,3PM,2.5,OVER,3.028,5.0,2.5,HIT,BLW-0m,0.684,,,,
2026-04-24,Payton Pritchard,PTS+AST,17.5,OVER,21.372,17.0,-0.5,MISS,BLW-0m,0.678,,,,
2026-04-24,Jaylen Brown,PTS+AST,31.5,OVER,35.019999999999996,29.0,-2.5,MISS,HI-USG BLW-0m,0.675,,,,
2026-04-24,De'Aaron Fox,REB,3.5,OVER,3.852,4.0,0.5,HIT,,0.672,,,,
2026-04-24,Kevin Durant,AST,4.5,OVER,5.82,,,MISS,LOW-PO,0.667,,,,
2026-04-24,Marcus Smart,PRA,19.5,UNDER,15.98,35.0,-15.5,MISS,,0.665,,,,
2026-04-24,Reed Sheppard,3PM,2.0,OVER,2.5280000000000005,4.0,2.0,HIT,LOW-PO,0.657,,,,
2026-04-24,Marcus Smart,PTS+REB,14.5,UNDER,11.42,25.0,-10.5,MISS,,0.655,,,,
2026-04-24,Dylan Harper,PRA,17.0,OVER,19.991999999999997,40.0,23.0,HIT,,0.655,,,,
2026-04-24,Sam Hauser,REB+AST,4.5,OVER,5.9079999999999995,3.0,-1.5,MISS,,0.651,,,,
2026-04-24,Shaedon Sharpe,PTS+REB,12.5,OVER,23.412,7.0,-5.5,MISS,⚠SUSP-87% LOW-PO,0.637,,,,
2026-04-24,Derrick White,REB,4.5,UNDER,3.7960000000000003,4.0,0.5,HIT,BLW-0m,0.627,,,,
2026-04-24,Luke Kennard,PTS+REB,17.5,UNDER,14.508,20.0,-2.5,MISS,,0.615,,,,
2026-04-24,Alperen Sengun,3PM,0.5,UNDER,0.41200000000000003,1.0,-0.5,MISS,LOW-LINE,0.603,,,,
2026-04-24,Scoot Henderson,PTS,13.5,OVER,17.724,21.0,7.5,HIT,,0.596,,,,
2026-04-24,Jayson Tatum,AST,5.5,OVER,6.644,7.0,1.5,HIT,BLW-0m,0.544,,,,
2026-04-24,Keldon Johnson,PTS,10.5,OVER,13.492,5.0,-5.5,MISS,⚠BENCH,0.535,,,,
2026-04-24,VJ Edgecombe,AST,3.5,OVER,4.556,5.0,1.5,HIT,,0.528,,,,
2026-04-24,Dylan Harper,PTS,10.5,OVER,13.052,27.0,16.5,HIT,,0.518,,,,
2026-04-24,Justin Edwards,PTS,4.5,OVER,8.812000000000001,0.0,-4.5,MISS,⚠SUSP-96% LOW-PO,0.5,,,,
2026-04-24,Quentin Grimes,PTS,6.5,OVER,10.284,2.0,-4.5,MISS,⚠SUSP-58%,0.5,,,,
2026-04-24,Nikola Vucevic,AST,1.5,OVER,2.2920000000000003,4.0,2.5,HIT,⚠SUSP-53% ⚠BENCH LOW-PO LOW-LINE,0.5,,,,
2026-04-24,Neemias Queta,AST,1.5,OVER,2.028,0.0,-1.5,MISS,LOW-PO LOW-LINE,0.5,,,,
2026-04-24,Andre Drummond,AST,1.5,OVER,2.2920000000000003,0.0,-1.5,MISS,⚠SUSP-53% LOW-LINE,0.5,,,,
2026-04-24,Jaxson Hayes,PTS,5.5,OVER,10.164000000000001,12.0,6.5,HIT,⚠SUSP-85% LOW-PO LO-USG,0.5,,,,
2026-04-24,Deandre Ayton,AST,0.5,OVER,0.6759999999999999,2.0,1.5,HIT,LOW-LINE,0.5,,,,
2026-04-24,Rui Hachimura,AST,0.5,OVER,0.764,2.0,1.5,HIT,⚠SUSP-53% LOW-LINE,0.5,,,,
2026-04-24,Reed Sheppard,PTS,9.5,OVER,11.700000000000001,17.0,7.5,HIT,LOW-PO,0.5,,,,
2026-04-24,Jerami Grant,PTS,9.5,OVER,15.044,13.0,3.5,HIT,⚠SUSP-58% ⚠BENCH,0.5,,,,
2026-04-25,Naz Reid,REB,4.5,OVER,6.172000000000001,9.0,4.5,HIT,,0.849,,,,
2026-04-25,Donte DiVincenzo,3PM,2.5,OVER,3.468,0.0,-2.5,MISS,DvP+1.18,0.849,,,,
2026-04-25,OG Anunoby,REB,5.5,OVER,7.348,10.0,4.5,HIT,,0.841,,,,
2026-04-25,Christian Braun,AST,2.5,UNDER,1.972,1.0,1.5,HIT,,0.814,,,,
2026-04-25,Karl-Anthony Towns,REB,11.5,OVER,12.995999999999999,10.0,-1.5,MISS,,0.799,,,,
2026-04-25,Dyson Daniels,REB,6.5,OVER,7.9959999999999996,9.0,2.5,HIT,,0.796,,,,
2026-04-25,Ayo Dosunmu,PTS+AST,15.5,OVER,21.044,44.0,28.5,HIT,DvP+1.18,0.778,,,,
2026-04-25,Josh Hart,REB,8.5,OVER,9.82,9.0,0.5,HIT,DvP+1.18,0.768,,,,
2026-04-25,Jaden McDaniels,REB,4.5,OVER,5.732,8.0,3.5,HIT,,0.768,,,,
2026-04-25,Jalen Duren,PTS+AST,18.0,OVER,22.311999999999998,9.0,-9.0,MISS,,0.752,,,,
2026-04-25,Tristan da Silva,REB,2.5,OVER,3.2039999999999997,0.0,-2.5,MISS,LOW-PO,0.749,,,,
2026-04-25,Devin Booker,3PM,1.5,OVER,2.028,2.0,0.5,HIT,LOW-LINE,0.73,,,,
2026-04-25,Anthony Black,REB,2.5,OVER,3.116,1.0,-1.5,MISS,,0.726,,,,
2026-04-25,Luguentz Dort,REB,3.5,UNDER,2.444,6.0,-2.5,MISS,ROT-RISK,0.719,,,,
2026-04-25,Bruce Brown,REB,3.5,OVER,4.204,1.0,-2.5,MISS,DvP-0.85,0.707,,,,
2026-04-25,Donte DiVincenzo,PTS+AST,14.5,OVER,18.02,1.0,-13.5,MISS,DvP+1.18,0.706,,,,
2026-04-25,Ausar Thompson,REB,5.5,OVER,6.1160000000000005,8.0,2.5,HIT,,0.697,,,,
2026-04-25,Goga Bitadze,REB,4.0,OVER,5.496,2.0,-2.0,MISS,LOW-PO ROT-RISK,0.691,,,,
2026-04-25,Paolo Banchero,AST,4.5,OVER,5.82,9.0,4.5,HIT,,0.687,,,,
2026-04-25,Jamal Murray,3PM,2.5,OVER,3.2039999999999997,3.0,0.5,HIT,,0.687,,,,
2026-04-25,Karl-Anthony Towns,REB+AST,14.5,OVER,16.964,20.0,5.5,HIT,,0.684,,,,
2026-04-25,Cade Cunningham,PTS,28.5,UNDER,21.724000000000004,27.0,1.5,HIT,,0.682,,,,
2026-04-25,Shai Gilgeous-Alexander,REB,4.5,UNDER,3.532,4.0,0.5,HIT,BLW-1m,0.682,,,,
2026-04-25,Collin Gillespie,REB,3.5,OVER,3.94,10.0,6.5,HIT,,0.67,,,,
2026-04-25,Nickeil Alexander-Walker,PTS+AST,21.5,OVER,24.491999999999997,16.0,-5.5,MISS,,0.66,,,,
2026-04-25,Duncan Robinson,REB,2.5,OVER,2.764,0.0,-2.5,MISS,,0.654,,,,
2026-04-25,Mikal Bridges,REB+AST,5.5,UNDER,4.62,3.0,2.5,HIT,⚠MINS-VOL,0.649,,,,
2026-04-25,Cameron Johnson,REB,3.5,UNDER,2.884,2.0,1.5,HIT,DvP-0.85,0.648,,,,
2026-04-25,Rudy Gobert,REB+AST,12.5,OVER,14.436,17.0,4.5,HIT,,0.642,,,,
2026-04-25,Ajay Mitchell,PTS,14.5,UNDER,11.596,15.0,-0.5,MISS,,0.641,,,,
2026-04-25,Franz Wagner,REB,4.5,UNDER,3.7960000000000003,5.0,-0.5,MISS,,0.638,,,,
2026-04-25,Jonathan Kuminga,PRA,20.5,OVER,23.580000000000002,12.0,-8.5,MISS,,0.625,,,,
2026-04-25,Jalen Suggs,AST,4.5,OVER,5.82,3.0,-1.5,MISS,,0.613,,,,
2026-04-25,Jalen Johnson,3PM,1.5,OVER,1.8519999999999999,1.0,-0.5,MISS,LOW-LINE,0.613,,,,
2026-04-25,Onyeka Okongwu,3PM,1.5,OVER,1.764,1.0,-0.5,MISS,LOW-LINE,0.606,,,,
2026-04-25,Devin Booker,PTS,23.5,OVER,27.811999999999998,16.0,-7.5,MISS,HI-USG,0.605,,,,
2026-04-25,Dillon Brooks,PTS+AST,19.5,OVER,22.228,34.0,14.5,HIT,,0.605,,,,
2026-04-25,Chet Holmgren,3PM,1.5,OVER,1.8519999999999999,0.0,-1.5,MISS,LOW-LINE,0.585,,,,
2026-04-25,Ausar Thompson,AST,2.5,OVER,3.468,3.0,0.5,HIT,,0.579,,,,
2026-04-25,Bruce Brown,PTS,6.5,OVER,8.612,6.0,-0.5,MISS,DvP-0.85,0.566,,,,
2026-04-25,Aaron Gordon,REB+AST,7.5,OVER,8.556,1.0,-6.5,MISS,DvP-0.85,0.563,,,,
2026-04-25,Nickeil Alexander-Walker,PTS,18.5,OVER,21.228,15.0,-3.5,MISS,DvP-0.85,0.532,,,,
2026-04-25,Royce O'Neale,3PM,1.5,OVER,2.2920000000000003,1.0,-0.5,MISS,⚠SUSP-53% LOW-LINE,0.525,,,,
2026-04-25,Aaron Gordon,AST,2.5,OVER,3.2039999999999997,0.0,-2.5,MISS,DvP-0.85,0.525,,,,
2026-04-25,Ayo Dosunmu,REB,2.5,OVER,4.084,4.0,1.5,HIT,⚠SUSP-63% DvP+1.15,0.519,,,,
2026-04-25,Anthony Black,PTS,8.5,OVER,11.315999999999999,8.0,-0.5,MISS,,0.516,,,,
2026-04-25,Daniss Jenkins,PTS,5.5,OVER,11.22,5.0,-0.5,MISS,⚠SUSP-104% LOW-PO,0.5,,,,
2026-04-25,Tristan da Silva,PTS,5.5,OVER,8.932,0.0,-5.5,MISS,⚠SUSP-62% LOW-PO,0.5,,,,
2026-04-25,Goga Bitadze,PTS,3.5,OVER,5.524,2.0,-1.5,MISS,⚠SUSP-58% LOW-PO LO-USG ROT-RISK,0.5,,,,
2026-04-25,Duncan Robinson,AST,1.5,OVER,2.116,3.0,1.5,HIT,⚠SUSP-41% LOW-LINE,0.5,,,,
2026-04-25,Jalen Duren,AST,1.5,OVER,2.8200000000000003,1.0,-0.5,MISS,⚠SUSP-88% LOW-LINE,0.5,,,,
2026-04-25,Isaiah Hartenstein,AST,2.5,OVER,3.2039999999999997,1.0,-1.5,MISS,ROT-RISK,0.5,,,,
2026-04-25,Collin Gillespie,AST,2.5,OVER,3.116,5.0,2.5,HIT,,0.5,,,,
2026-04-25,Dillon Brooks,AST,1.5,OVER,1.8519999999999999,1.0,-0.5,MISS,LOW-LINE,0.5,,,,
2026-04-25,Oso Ighodaro,PTS,5.5,OVER,6.644,15.0,9.5,HIT,LO-USG,0.5,,,,
2026-04-25,Jalen Green,AST,2.5,OVER,2.94,6.0,3.5,HIT,,0.5,,,,
2026-04-25,Gabe Vincent,PTS,2.5,OVER,3.468,10.0,7.5,HIT,⚠BENCH NO-PO ⚠PO-ROLE DvP-0.85 LO-USG ROT-RISK,0.5,,,,
2026-04-25,Miles McBride,PTS,8.5,OVER,11.139999999999999,11.0,2.5,HIT,,0.5,,,,
2026-04-25,Jonathan Kuminga,PTS,13.5,OVER,16.14,10.0,-3.5,MISS,,0.5,,,,
2026-04-25,Cameron Johnson,AST,1.5,OVER,1.94,2.0,0.5,HIT,LOW-LINE DvP-0.85,0.5,,,,
2026-04-25,Rudy Gobert,AST,1.5,OVER,1.94,2.0,0.5,HIT,LOW-LINE,0.5,,,,
2026-04-25,Tim Hardaway Jr,PTS,10.5,OVER,12.084,10.0,-0.5,MISS,,0.5,,,,
2026-04-25,Naz Reid,REB,4.5,OVER,6.172000000000001,9.0,4.5,HIT,,0.849,,,,
2026-04-25,Donte DiVincenzo,3PM,2.5,OVER,3.468,0.0,-2.5,MISS,DvP+1.18,0.849,,,,
2026-04-25,OG Anunoby,REB,5.5,OVER,7.348,10.0,4.5,HIT,,0.841,,,,
2026-04-25,Christian Braun,AST,2.5,UNDER,1.972,1.0,1.5,HIT,,0.814,,,,
2026-04-25,Karl-Anthony Towns,REB,11.5,OVER,12.995999999999999,10.0,-1.5,MISS,,0.799,,,,
2026-04-25,Dyson Daniels,REB,6.5,OVER,7.9959999999999996,9.0,2.5,HIT,,0.796,,,,
2026-04-25,Ayo Dosunmu,PTS+AST,15.5,OVER,21.044,44.0,28.5,HIT,DvP+1.18,0.778,,,,
2026-04-25,Josh Hart,REB,8.5,OVER,9.82,9.0,0.5,HIT,DvP+1.18,0.768,,,,
2026-04-25,Jaden McDaniels,REB,4.5,OVER,5.732,8.0,3.5,HIT,,0.768,,,,
2026-04-25,Jalen Duren,PTS+AST,18.0,OVER,22.311999999999998,9.0,-9.0,MISS,,0.752,,,,
2026-04-25,Tristan da Silva,REB,2.5,OVER,3.2039999999999997,0.0,-2.5,MISS,LOW-PO,0.749,,,,
2026-04-25,Devin Booker,3PM,1.5,OVER,2.028,2.0,0.5,HIT,LOW-LINE,0.73,,,,
2026-04-25,Anthony Black,REB,2.5,OVER,3.116,1.0,-1.5,MISS,,0.726,,,,
2026-04-25,Luguentz Dort,REB,3.5,UNDER,2.444,6.0,-2.5,MISS,ROT-RISK,0.719,,,,
2026-04-25,Bruce Brown,REB,3.5,OVER,4.204,1.0,-2.5,MISS,DvP-0.85,0.707,,,,
2026-04-25,Donte DiVincenzo,PTS+AST,14.5,OVER,18.02,1.0,-13.5,MISS,DvP+1.18,0.706,,,,
2026-04-25,Ausar Thompson,REB,5.5,OVER,6.1160000000000005,8.0,2.5,HIT,,0.697,,,,
2026-04-25,Goga Bitadze,REB,4.0,OVER,5.496,2.0,-2.0,MISS,LOW-PO ROT-RISK,0.691,,,,
2026-04-25,Paolo Banchero,AST,4.5,OVER,5.82,9.0,4.5,HIT,,0.687,,,,
2026-04-25,Jamal Murray,3PM,2.5,OVER,3.2039999999999997,3.0,0.5,HIT,,0.687,,,,
2026-04-25,Karl-Anthony Towns,REB+AST,14.5,OVER,16.964,20.0,5.5,HIT,,0.684,,,,
2026-04-25,Cade Cunningham,PTS,28.5,UNDER,21.724000000000004,27.0,1.5,HIT,,0.682,,,,
2026-04-25,Shai Gilgeous-Alexander,REB,4.5,UNDER,3.532,4.0,0.5,HIT,BLW-1m,0.682,,,,
2026-04-25,Collin Gillespie,REB,3.5,OVER,3.94,10.0,6.5,HIT,,0.67,,,,
2026-04-25,Nickeil Alexander-Walker,PTS+AST,21.5,OVER,24.491999999999997,16.0,-5.5,MISS,,0.66,,,,
2026-04-25,Duncan Robinson,REB,2.5,OVER,2.764,0.0,-2.5,MISS,,0.654,,,,
2026-04-25,Mikal Bridges,REB+AST,5.5,UNDER,4.62,3.0,2.5,HIT,⚠MINS-VOL,0.649,,,,
2026-04-25,Cameron Johnson,REB,3.5,UNDER,2.884,2.0,1.5,HIT,DvP-0.85,0.648,,,,
2026-04-25,Rudy Gobert,REB+AST,12.5,OVER,14.436,17.0,4.5,HIT,,0.642,,,,
2026-04-25,Ajay Mitchell,PTS,14.5,UNDER,11.596,15.0,-0.5,MISS,,0.641,,,,
2026-04-25,Franz Wagner,REB,4.5,UNDER,3.7960000000000003,5.0,-0.5,MISS,,0.638,,,,
2026-04-25,Jonathan Kuminga,PRA,20.5,OVER,23.580000000000002,12.0,-8.5,MISS,,0.625,,,,
2026-04-25,Jalen Suggs,AST,4.5,OVER,5.82,3.0,-1.5,MISS,,0.613,,,,
2026-04-25,Jalen Johnson,3PM,1.5,OVER,1.8519999999999999,1.0,-0.5,MISS,LOW-LINE,0.613,,,,
2026-04-25,Onyeka Okongwu,3PM,1.5,OVER,1.764,1.0,-0.5,MISS,LOW-LINE,0.606,,,,
2026-04-25,Devin Booker,PTS,23.5,OVER,27.811999999999998,16.0,-7.5,MISS,HI-USG,0.605,,,,
2026-04-25,Dillon Brooks,PTS+AST,19.5,OVER,22.228,34.0,14.5,HIT,,0.605,,,,
2026-04-25,Chet Holmgren,3PM,1.5,OVER,1.8519999999999999,0.0,-1.5,MISS,LOW-LINE,0.585,,,,
2026-04-25,Ausar Thompson,AST,2.5,OVER,3.468,3.0,0.5,HIT,,0.579,,,,
2026-04-25,Bruce Brown,PTS,6.5,OVER,8.612,6.0,-0.5,MISS,DvP-0.85,0.566,,,,
2026-04-25,Aaron Gordon,REB+AST,7.5,OVER,8.556,1.0,-6.5,MISS,DvP-0.85,0.563,,,,
2026-04-25,Nickeil Alexander-Walker,PTS,18.5,OVER,21.228,15.0,-3.5,MISS,DvP-0.85,0.532,,,,
2026-04-25,Royce O'Neale,3PM,1.5,OVER,2.2920000000000003,1.0,-0.5,MISS,⚠SUSP-53% LOW-LINE,0.525,,,,
2026-04-25,Aaron Gordon,AST,2.5,OVER,3.2039999999999997,0.0,-2.5,MISS,DvP-0.85,0.525,,,,
2026-04-25,Ayo Dosunmu,REB,2.5,OVER,4.084,4.0,1.5,HIT,⚠SUSP-63% DvP+1.15,0.519,,,,
2026-04-25,Anthony Black,PTS,8.5,OVER,11.315999999999999,8.0,-0.5,MISS,,0.516,,,,
2026-04-25,Daniss Jenkins,PTS,5.5,OVER,11.22,5.0,-0.5,MISS,⚠SUSP-104% LOW-PO,0.5,,,,
2026-04-25,Tristan da Silva,PTS,5.5,OVER,8.932,0.0,-5.5,MISS,⚠SUSP-62% LOW-PO,0.5,,,,
2026-04-25,Goga Bitadze,PTS,3.5,OVER,5.524,2.0,-1.5,MISS,⚠SUSP-58% LOW-PO LO-USG ROT-RISK,0.5,,,,
2026-04-25,Duncan Robinson,AST,1.5,OVER,2.116,3.0,1.5,HIT,⚠SUSP-41% LOW-LINE,0.5,,,,
2026-04-25,Jalen Duren,AST,1.5,OVER,2.8200000000000003,1.0,-0.5,MISS,⚠SUSP-88% LOW-LINE,0.5,,,,
2026-04-25,Isaiah Hartenstein,AST,2.5,OVER,3.2039999999999997,1.0,-1.5,MISS,ROT-RISK,0.5,,,,
2026-04-25,Collin Gillespie,AST,2.5,OVER,3.116,5.0,2.5,HIT,,0.5,,,,
2026-04-25,Dillon Brooks,AST,1.5,OVER,1.8519999999999999,1.0,-0.5,MISS,LOW-LINE,0.5,,,,
2026-04-25,Oso Ighodaro,PTS,5.5,OVER,6.644,15.0,9.5,HIT,LO-USG,0.5,,,,
2026-04-25,Jalen Green,AST,2.5,OVER,2.94,6.0,3.5,HIT,,0.5,,,,
2026-04-25,Gabe Vincent,PTS,2.5,OVER,3.468,10.0,7.5,HIT,⚠BENCH NO-PO ⚠PO-ROLE DvP-0.85 LO-USG ROT-RISK,0.5,,,,
2026-04-25,Miles McBride,PTS,8.5,OVER,11.139999999999999,11.0,2.5,HIT,,0.5,,,,
2026-04-25,Jonathan Kuminga,PTS,13.5,OVER,16.14,10.0,-3.5,MISS,,0.5,,,,
2026-04-25,Cameron Johnson,AST,1.5,OVER,1.94,2.0,0.5,HIT,LOW-LINE DvP-0.85,0.5,,,,
2026-04-25,Rudy Gobert,AST,1.5,OVER,1.94,2.0,0.5,HIT,LOW-LINE,0.5,,,,
2026-04-25,Tim Hardaway Jr,PTS,10.5,OVER,12.084,10.0,-0.5,MISS,,0.5,,,,
2026-04-26,Jabari Smith Jr,3PM,2.5,OVER,3.468,2.0,-0.5,MISS,,0.825,,,,
2026-04-26,Reed Sheppard,AST,4.5,UNDER,3.7960000000000003,3.0,1.5,HIT,,0.8,,,,
2026-04-26,Alperen Sengun,REB,9.5,OVER,11.348,6.0,-3.5,MISS,,0.799,,,,
2026-04-26,Jayson Tatum,3PM,2.5,OVER,3.292,5.0,2.5,HIT,BLW-2m,0.795,,,,
2026-04-26,LeBron James,PTS+AST,31.5,OVER,37.836000000000006,19.0,-12.5,MISS,,0.78,,,,
2026-04-26,Kelly Oubre Jr,AST,1.5,UNDER,1.236,1.0,0.5,HIT,LOW-LINE,0.765,,,,
2026-04-26,Rui Hachimura,REB,3.5,OVER,4.732,3.0,-0.5,MISS,,0.765,,,,
2026-04-26,Amen Thompson,PTS+AST,23.5,OVER,28.076,30.0,6.5,HIT,,0.739,,,,
2026-04-26,Austin Reaves,PTS+AST,19.5,OVER,26.364,,,MISS,NO-PO ⚠PO-ROLE,0.735,,,,
2026-04-26,VJ Edgecombe,REB,5.5,OVER,6.644,4.0,-1.5,MISS,,0.73,,,,
2026-04-26,Luke Kennard,PRA,20.0,OVER,26.336,12.0,-8.0,MISS,,0.728,,,,
2026-04-26,Marcus Smart,REB+AST,7.5,OVER,9.964,7.0,-0.5,MISS,,0.719,,,,
2026-04-26,Joel Embiid,REB,5.5,OVER,8.932,10.0,4.5,HIT,⚠SUSP-62% NO-PO ⚠PO-ROLE,0.715,,,,
2026-04-26,Quentin Grimes,REB,2.5,OVER,3.292,2.0,-0.5,MISS,1-BOOK,0.699,,,,
2026-04-26,Jaxson Hayes,REB,3.5,OVER,4.204,2.0,-1.5,MISS,,0.693,,,,
2026-04-26,Reed Sheppard,PTS+REB,21.5,UNDER,17.276,18.0,3.5,HIT,,0.686,,,,
2026-04-26,LeBron James,AST,8.5,OVER,10.435999999999998,9.0,0.5,HIT,,0.678,,,,
2026-04-26,Payton Pritchard,3PM,2.5,OVER,3.116,6.0,3.5,HIT,BLW-2m,0.677,,,,
2026-04-26,Neemias Queta,PTS+AST,9.5,OVER,13.108,10.0,0.5,HIT,LOW-PO,0.67,,,,
2026-04-26,Jaylen Brown,PTS+AST,31.5,OVER,35.548,21.0,-10.5,MISS,HI-USG BLW-2m,0.666,,,,
2026-04-26,Tyrese Maxey,REB,3.5,OVER,3.852,2.0,-1.5,MISS,,0.637,,,,
2026-04-26,Joel Embiid,3PM,0.5,OVER,1.732,1.0,0.5,HIT,⚠SUSP-246% NO-PO ⚠PO-ROLE LOW-LINE 2-BOOK,0.625,,,,
2026-04-26,Luke Kennard,AST,2.5,OVER,5.404,2.0,-0.5,MISS,⚠SUSP-116%,0.607,,,,
2026-04-26,Marcus Smart,AST,4.5,OVER,6.9639999999999995,5.0,0.5,HIT,⚠SUSP-55%,0.584,,,,
2026-04-26,Payton Pritchard,AST,3.5,OVER,4.556,5.0,1.5,HIT,BLW-2m,0.568,,,,
2026-04-26,Kelly Oubre Jr,PTS+REB,16.5,OVER,19.580000000000002,6.0,-10.5,MISS,,0.567,,,,
2026-04-26,VJ Edgecombe,AST,3.5,OVER,4.556,1.0,-2.5,MISS,,0.558,,,,
2026-04-26,Nikola Vucevic,3PM,0.5,OVER,1.4680000000000002,0.0,-0.5,MISS,⚠SUSP-194% LOW-LINE,0.551,,,,
2026-04-26,Austin Reaves,REB,2.5,OVER,3.82,,,MISS,⚠SUSP-53% NO-PO ⚠PO-ROLE,0.533,,,,
2026-04-26,Jordan Walsh,PRA,4.5,OVER,9.867999999999999,4.0,-0.5,MISS,⚠SUSP-119% NO-PO ⚠PO-ROLE 1-BOOK LO-USG,0.515,,,,
2026-04-26,Baylor Scheierman,PRA,6.5,OVER,14.86,11.0,4.5,HIT,⚠SUSP-129% NO-PO ⚠PO-ROLE 1-BOOK LO-USG,0.5,,,,
2026-04-26,Quentin Grimes,PTS+REB,8.5,OVER,13.075999999999999,14.0,5.5,HIT,⚠SUSP-54% 1-BOOK,0.5,,,,
2026-04-26,Neemias Queta,AST,1.5,OVER,2.116,1.0,-0.5,MISS,⚠SUSP-41% LOW-PO LOW-LINE,0.5,,,,
2026-04-26,Bronny James,PTS,1.5,OVER,5.196,5.0,3.5,HIT,⚠SUSP-246% NO-PO ⚠PO-ROLE LOW-LINE 1-BOOK ROT-RISK,0.5,,,,
2026-04-26,Rui Hachimura,AST,0.5,OVER,1.292,1.0,0.5,HIT,⚠SUSP-158% LOW-LINE 2-BOOK,0.5,,,,
2026-04-26,Deandre Ayton,AST,0.5,OVER,1.028,0.0,-0.5,MISS,⚠SUSP-106% LOW-LINE 2-BOOK,0.5,,,,
2026-04-26,Josh Okogie,PTS,2.5,OVER,4.436,5.0,2.5,HIT,⚠SUSP-77% 1-BOOK LO-USG ROT-RISK,0.5,,,,
2026-04-26,Jaxson Hayes,PTS,6.5,OVER,10.636,2.0,-4.5,MISS,⚠SUSP-64% LO-USG,0.5,,,,
2026-04-27,Christian Braun,AST,2.5,UNDER,1.796,3.0,-0.5,MISS,DvP-0.86,0.888,,,,
2026-04-27,Mike Conley,AST,3.5,UNDER,2.62,4.0,-0.5,MISS,LOW-PO DvP+1.18 ROT-RISK,0.881,,,,
2026-04-27,Anthony Black,AST,2.5,UNDER,1.972,0.0,2.5,HIT,DvP-0.85,0.846,,,,
2026-04-27,Cade Cunningham,AST,9.5,OVER,12.14,6.0,-3.5,MISS,,0.808,,,,
2026-04-27,Rudy Gobert,REB,10.5,OVER,12.612,7.0,-3.5,MISS,,0.805,,,,
2026-04-27,Oso Ighodaro,REB,6.5,OVER,7.908,8.0,1.5,HIT,DvP+1.18,0.768,,,,
2026-04-27,Paolo Banchero,REB+AST,13.5,OVER,16.932,12.0,-1.5,MISS,DvP+1.17,0.756,,,,
2026-04-27,Dillon Brooks,REB,4.5,OVER,5.556,4.0,-0.5,MISS,DvP+1.18,0.751,,,,
2026-04-27,Shai Gilgeous-Alexander,PTS+AST,38.5,OVER,44.836,39.0,0.5,HIT,HI-USG BLW-0m,0.749,,,,
2026-04-27,Jalen Suggs,3PM,2.5,OVER,3.38,1.0,-1.5,MISS,DvP+1.18,0.744,,,,
2026-04-27,Paolo Banchero,AST,5.5,OVER,7.172000000000001,4.0,-1.5,MISS,DvP+1.18,0.741,,,,
2026-04-27,Jalen Green,PTS+AST,22.5,OVER,28.572,27.0,4.5,HIT,HI-USG,0.739,,,,
2026-04-27,Jaden McDaniels,REB,4.5,OVER,5.996,3.0,-1.5,MISS,,0.737,,,,
2026-04-27,Tobias Harris,REB,6.5,OVER,7.556,6.0,-0.5,MISS,,0.734,,,,
2026-04-27,Wendell Carter Jr,REB,7.5,OVER,8.82,11.0,3.5,HIT,,0.725,,,,
2026-04-27,Devin Booker,PTS+AST,29.0,OVER,34.104,30.0,1.0,HIT,HI-USG,0.724,,,,
2026-04-27,Cameron Johnson,REB,3.5,UNDER,2.444,6.0,-2.5,MISS,DvP-0.85,0.711,,,,
2026-04-27,Mike Conley,PRA,12.5,UNDER,8.98,9.0,3.5,HIT,LOW-PO DvP+1.16 LO-USG ROT-RISK,0.702,,,,
2026-04-27,Franz Wagner,PTS+AST,21.5,OVER,26.428000000000004,22.0,0.5,HIT,DvP+1.17,0.695,,,,
2026-04-27,Collin Gillespie,REB+AST,6.5,OVER,9.052,4.0,-2.5,MISS,,0.692,,,,
2026-04-27,Cason Wallace,3PM,1.0,OVER,1.1760000000000002,2.0,1.0,HIT,LOW-LINE,0.687,,,,
2026-04-27,Tobias Harris,REB+AST,8.5,OVER,10.612,6.0,-2.5,MISS,,0.677,,,,
2026-04-27,Bones Hyland,PTS+AST,13.5,OVER,17.46,16.0,2.5,HIT,LOW-PO DvP+1.18,0.677,,,,
2026-04-27,Ajay Mitchell,REB,3.5,OVER,4.292000000000001,4.0,0.5,HIT,DvP+1.18 BLW-0m,0.673,,,,
2026-04-27,Tim Hardaway Jr,REB,2.5,OVER,3.38,0.0,-2.5,MISS,,0.666,,,,
2026-04-27,Jaylin Williams,REB,3.5,OVER,7.196,0.0,-3.5,MISS,⚠SUSP-106% LOW-PO,0.665,,,,
2026-04-27,Naz Reid,REB,5.5,OVER,6.38,8.0,2.5,HIT,,0.664,,,,
2026-04-27,Ausar Thompson,REB+AST,9.0,OVER,10.847999999999999,10.0,1.0,HIT,,0.654,,,,
2026-04-27,Desmond Bane,3PM,2.5,OVER,2.852,5.0,2.5,HIT,DvP+1.18,0.64,,,,
2026-04-27,Javonte Green,PTS+REB,8.5,OVER,11.668,10.0,1.5,HIT,ROT-RISK,0.634,,,,
2026-04-27,Julius Randle,REB,6.5,OVER,7.204,9.0,2.5,HIT,,0.633,,,,
2026-04-27,Collin Gillespie,REB,3.5,OVER,5.26,2.0,-1.5,MISS,⚠SUSP-50% DvP+1.18,0.615,,,,
2026-04-27,Bruce Brown,3PM,0.5,OVER,0.5880000000000001,0.0,-0.5,MISS,LOW-LINE 1-BOOK DvP-0.85,0.61,,,,
2026-04-27,Jaylin Williams,3PM,0.5,OVER,2.2600000000000002,1.0,0.5,HIT,⚠SUSP-352% LOW-PO LOW-LINE 1-BOOK,0.595,,,,
2026-04-27,Bones Hyland,PTS+REB,12.5,OVER,16.724,16.0,3.5,HIT,LOW-PO 1-BOOK DvP+1.14,0.591,,,,
2026-04-27,Isaiah Joe,PTS,6.5,OVER,14.155999999999999,6.0,-0.5,MISS,⚠SUSP-118% LOW-PO,0.586,,,,
2026-04-27,Dillon Brooks,PTS,17.5,OVER,22.956,23.0,5.5,HIT,,0.573,,,,
2026-04-27,Tristan da Silva,PRA,6.5,OVER,15.036,11.0,4.5,HIT,⚠SUSP-131% LOW-PO 1-BOOK DvP+1.16,0.552,,,,
2026-04-27,Kevin Huerter,PRA,9.5,OVER,15.044,1.0,-8.5,MISS,⚠SUSP-58% ⚠BENCH LOW-PO 1-BOOK,0.503,,,,
2026-04-27,Jamal Cain,PRA,4.5,OVER,10.396,17.0,12.5,HIT,⚠SUSP-131% NO-PO ⚠PO-ROLE 1-BOOK DvP+1.16 ROT-RISK,0.5,,,,
2026-04-27,Jalen Duren,AST,1.5,OVER,2.644,3.0,1.5,HIT,⚠SUSP-76% LOW-LINE,0.5,,,,
2026-04-27,Javonte Green,3PM,0.5,OVER,1.292,1.0,0.5,HIT,⚠SUSP-158% LOW-LINE 1-BOOK ROT-RISK,0.5,,,,
2026-04-27,Goga Bitadze,PTS,3.5,OVER,5.612,2.0,-1.5,MISS,⚠SUSP-60% LOW-PO LO-USG ROT-RISK,0.5,,,,
2026-04-27,Ausar Thompson,AST,2.5,OVER,3.82,1.0,-1.5,MISS,⚠SUSP-53%,0.5,,,,
2026-04-27,Grayson Allen,PTS,8.0,OVER,12.751999999999999,12.0,4.0,HIT,⚠SUSP-59% NO-PO ⚠PO-ROLE,0.5,,,,
2026-04-27,Alex Caruso,AST,1.5,OVER,2.116,1.0,-0.5,MISS,⚠SUSP-41% LOW-LINE 2-BOOK ROT-RISK,0.5,,,,
2026-04-27,Royce O'Neale,PTS,5.5,OVER,7.436,8.0,2.5,HIT,⚠MINS-VOL,0.5,,,,
2026-04-27,Oso Ighodaro,PTS,6.5,OVER,8.347999999999999,8.0,1.5,HIT,LO-USG,0.5,,,,
2026-04-27,Bruce Brown,AST,1.5,OVER,2.028,0.0,-1.5,MISS,LOW-LINE DvP-0.85,0.5,,,,
2026-04-27,Rudy Gobert,AST,1.5,OVER,1.8519999999999999,2.0,0.5,HIT,LOW-LINE 2-BOOK,0.5,,,,
2026-04-28,Paul George,AST,3.5,UNDER,2.708,7.0,-3.5,MISS,DvP-0.85,0.838,,,,
2026-04-28,Mikal Bridges,AST,2.5,UNDER,1.8840000000000001,1.0,1.5,HIT,⚠MINS-VOL DvP-0.85,0.816,,,,
2026-04-28,Onyeka Okongwu,AST,2.5,UNDER,2.06,4.0,-1.5,MISS,,0.811,,,,
2026-04-28,Derrick White,AST,4.5,UNDER,3.7960000000000003,3.0,1.5,HIT,DvP-0.85 BLW-3m,0.796,,,,
2026-04-28,Jayson Tatum,3PM,2.5,OVER,3.468,4.0,1.5,HIT,DvP+1.18 BLW-3m,0.793,,,,
2026-04-28,Julian Champagnie,AST,1.5,UNDER,1.1480000000000001,3.0,-1.5,MISS,LOW-LINE 2-BOOK DvP-0.85 BLW-3m,0.79,,,,
2026-04-28,Kelly Oubre Jr,AST,1.5,UNDER,1.1480000000000001,1.0,0.5,HIT,LOW-LINE 2-BOOK,0.789,,,,
2026-04-28,Jordan Clarkson,AST,1.5,UNDER,1.236,1.0,0.5,HIT,LOW-PO LOW-LINE 2-BOOK ROT-RISK,0.756,,,,
2026-04-28,Jerami Grant,REB+AST,4.5,UNDER,2.9160000000000004,2.0,2.5,HIT,⚠MINS-VOL 2-BOOK DvP-0.85,0.744,,,,
2026-04-28,Payton Pritchard,3PM,2.5,OVER,3.38,1.0,-1.5,MISS,DvP+1.18 BLW-3m,0.737,,,,
2026-04-28,Robert Williams,REB,8.5,OVER,9.82,7.0,-1.5,MISS,,0.736,,,,
2026-04-28,Scoot Henderson,PTS+AST,16.0,OVER,20.576,5.0,-11.0,MISS,,0.732,,,,
2026-04-28,Donovan Clingan,REB,7.5,OVER,9.172,5.0,-2.5,MISS,,0.732,,,,
2026-04-28,Joel Embiid,PTS+AST,30.5,OVER,34.548,41.0,10.5,HIT,LOW-PO HI-USG,0.727,,,,
2026-04-28,Dyson Daniels,REB,6.5,OVER,8.084,2.0,-4.5,MISS,,0.724,,,,
2026-04-28,Dylan Harper,PTS+AST,12.5,OVER,16.195999999999998,18.0,5.5,HIT,DvP+1.18,0.714,,,,
2026-04-28,De'Aaron Fox,PTS+AST,23.5,OVER,27.46,30.0,6.5,HIT,DvP+1.18 BLW-3m,0.707,,,,
2026-04-28,Jerami Grant,AST,1.5,UNDER,0.708,1.0,0.5,HIT,⚠SUSP-53% LOW-LINE ⚠MINS-VOL 2-BOOK DvP-0.85,0.702,,,,
2026-04-28,Jrue Holiday,PTS+AST,22.5,OVER,26.9,15.0,-7.5,MISS,,0.69,,,,
2026-04-28,Nikola Vucevic,REB,4.5,OVER,6.084,2.0,-2.5,MISS,⚠MINS-VOL,0.685,,,,
2026-04-28,Shaedon Sharpe,PRA,11.0,OVER,26.311999999999998,5.0,-6.0,MISS,⚠SUSP-139% LOW-PO 2-BOOK,0.685,,,,
2026-04-28,Shaedon Sharpe,PTS+REB,9.5,OVER,23.316,5.0,-4.5,MISS,⚠SUSP-145% LOW-PO 2-BOOK,0.678,,,,
2026-04-28,Keldon Johnson,REB,3.5,OVER,4.732,5.0,1.5,HIT,⚠BENCH,0.677,,,,
2026-04-28,Kelly Oubre Jr,REB,4.5,OVER,5.556,6.0,1.5,HIT,,0.675,,,,
2026-04-28,Neemias Queta,REB+AST,7.5,OVER,10.052000000000001,15.0,7.5,HIT,LOW-PO,0.663,,,,
2026-04-28,VJ Edgecombe,PTS+AST,15.5,OVER,19.108,13.0,-2.5,MISS,,0.662,,,,
2026-04-28,Josh Hart,REB,8.5,OVER,9.556,5.0,-3.5,MISS,DvP+1.15 BLW-1m,0.653,,,,
2026-04-28,OG Anunoby,REB,6.5,OVER,7.468,10.0,3.5,HIT,BLW-1m,0.648,,,,
2026-04-28,Jalen Brunson,REB,3.5,UNDER,2.7960000000000003,3.0,0.5,HIT,DvP+1.15 BLW-1m,0.648,,,,
2026-04-28,Miles McBride,PTS+AST,10.0,OVER,12.815999999999999,1.0,-9.0,MISS,2-BOOK,0.636,,,,
2026-04-28,Jonathan Kuminga,PTS+AST,13.5,OVER,16.580000000000002,14.0,0.5,HIT,2-BOOK,0.635,,,,
2026-04-28,Karl-Anthony Towns,PTS+AST,23.5,OVER,25.876,22.0,-1.5,MISS,BLW-1m,0.633,,,,
2026-04-28,Devin Vassell,REB,3.5,OVER,5.7,1.0,-2.5,MISS,⚠SUSP-63% BLW-3m,0.623,,,,
2026-04-28,Karl-Anthony Towns,AST,3.5,OVER,4.644,6.0,2.5,HIT,BLW-1m,0.587,,,,
2026-04-28,Scoot Henderson,PTS,13.5,OVER,17.636,5.0,-8.5,MISS,DvP+1.12,0.581,,,,
2026-04-28,Baylor Scheierman,3PM,0.5,OVER,2.3480000000000003,1.0,0.5,HIT,⚠SUSP-370% NO-PO ⚠PO-ROLE LOW-LINE DvP+1.18,0.576,,,,
2026-04-28,Neemias Queta,AST,0.5,OVER,2.2600000000000002,1.0,0.5,HIT,⚠SUSP-352% LOW-PO LOW-LINE,0.566,,,,
2026-04-28,Dylan Harper,REB,2.5,OVER,3.7319999999999998,3.0,0.5,HIT,⚠SUSP-49%,0.522,,,,
2026-04-28,Miles McBride,REB,1.5,OVER,2.028,3.0,1.5,HIT,LOW-LINE DvP+1.15,0.518,,,,
2026-04-28,Luke Kornet,PRA,9.5,OVER,14.868,11.0,1.5,HIT,⚠SUSP-56% 1-BOOK LO-USG ROT-RISK,0.516,,,,
2026-04-28,Sam Hauser,AST,0.5,OVER,1.292,0.0,-0.5,MISS,⚠SUSP-158% LOW-LINE 2-BOOK DvP+1.18,0.5,,,,
2026-04-28,Jordan Walsh,PRA,5.5,OVER,10.692,6.0,0.5,HIT,⚠SUSP-94% NO-PO ⚠PO-ROLE 1-BOOK LO-USG,0.5,,,,
2026-04-28,Nikola Vucevic,3PM,0.5,OVER,1.3800000000000001,2.0,1.5,HIT,⚠SUSP-176% LOW-LINE ⚠MINS-VOL,0.5,,,,
2026-04-28,Corey Kispert,PRA,4.5,OVER,9.867999999999999,3.0,-1.5,MISS,⚠SUSP-119% ⚠BENCH NO-PO ⚠PO-ROLE 1-BOOK ROT-RISK,0.5,,,,
2026-04-28,Mouhamed Gueye,PRA,4.5,OVER,7.755999999999999,0.0,-4.5,MISS,⚠SUSP-72% NO-PO ⚠PO-ROLE 1-BOOK LO-USG ROT-RISK,0.5,,,,
2026-04-28,Mitchell Robinson,PTS,3.5,OVER,5.26,7.0,3.5,HIT,⚠SUSP-50% ⚠BENCH LOW-PO LO-USG ROT-RISK,0.5,,,,
2026-04-28,Gabe Vincent,3PM,0.5,OVER,0.8520000000000001,2.0,1.5,HIT,⚠SUSP-70% ⚠BENCH NO-PO ⚠PO-ROLE LOW-LINE ROT-RISK,0.5,,,,
2026-04-28,Jordan Clarkson,3PM,0.5,UNDER,0.23600000000000002,0.0,0.5,HIT,⚠SUSP-53% LOW-PO LOW-LINE DvP-0.85 ROT-RISK,0.5,,,,
2026-04-28,Keldon Johnson,AST,0.5,OVER,1.2040000000000002,1.0,0.5,HIT,⚠SUSP-141% ⚠BENCH LOW-LINE 2-BOOK DvP-0.85,0.5,,,,
2026-04-28,Donovan Clingan,3PM,0.5,OVER,0.94,2.0,1.5,HIT,⚠SUSP-88% LOW-LINE,0.5,,,,
2026-04-28,Toumani Camara,3PM,1.5,OVER,2.4680000000000004,1.0,-0.5,MISS,⚠SUSP-64% LOW-LINE,0.5,,,,
2026-04-29,Anthony Black,AST,2.5,UNDER,1.62,3.0,-0.5,MISS,DvP-0.85,0.894,,,,
2026-04-29,Scottie Barnes,PTS+AST,26.5,OVER,33.188,28.0,1.5,HIT,DvP+1.18,0.82,,,,
2026-04-29,Paolo Banchero,REB,7.5,OVER,9.700000000000001,9.0,1.5,HIT,DvP+1.18,0.798,,,,
2026-04-29,Desmond Bane,AST,3.5,UNDER,2.972,1.0,2.5,HIT,DvP-0.85,0.789,,,,
2026-04-29,Austin Reaves,PTS+AST,21.5,OVER,28.804000000000002,28.0,6.5,HIT,NO-PO ⚠PO-ROLE DvP+1.12 ★STRONG,0.755,,,,
2026-04-29,Wendell Carter Jr,REB,7.5,OVER,9.084000000000001,4.0,-3.5,MISS,,0.754,,,,
2026-04-29,James Harden,3PM,2.5,OVER,3.38,4.0,1.5,HIT,DvP+1.18,0.753,,,,
2026-04-29,Marcus Smart,PTS+AST,15.5,OVER,19.46,13.0,-2.5,MISS,DvP+1.12,0.729,,,,
2026-04-29,Luke Kennard,PTS+AST,15.5,OVER,19.636,3.0,-12.5,MISS,DvP+1.12,0.72,,,,
2026-04-29,Scottie Barnes,AST,6.5,OVER,8.964,11.0,4.5,HIT,DvP+1.18,0.715,,,,
2026-04-29,Jabari Smith Jr,3PM,2.5,OVER,3.116,4.0,1.5,HIT,,0.714,,,,
2026-04-29,Cade Cunningham,REB,5.5,OVER,6.9079999999999995,4.0,-1.5,MISS,DvP+1.18 BLW-2m,0.71,,,,
2026-04-29,Daniss Jenkins,REB,1.5,OVER,4.0520000000000005,0.0,-1.5,MISS,⚠SUSP-170% LOW-PO LOW-LINE 2-BOOK DvP+1.18 BLW-2m ★STRONG,0.689,,,,
2026-04-29,LeBron James,AST,8.5,OVER,10.435999999999998,7.0,-1.5,MISS,DvP+1.18,0.687,,,,
2026-04-29,Daniss Jenkins,REB+AST,2.5,OVER,10.156,2.0,-0.5,MISS,⚠SUSP-306% LOW-PO 1-BOOK DvP+1.18 BLW-2m ★STRONG,0.686,,,,
2026-04-29,Reed Sheppard,3PM,3.5,OVER,4.1160000000000005,2.0,-1.5,MISS,,0.684,,,,
2026-04-29,Jalen Suggs,3PM,2.5,OVER,3.028,2.0,-0.5,MISS,DvP+1.18,0.676,,,,
2026-04-29,Jarrett Allen,AST,1.5,UNDER,0.796,1.0,0.5,HIT,⚠SUSP-47% LOW-LINE 1-BOOK,0.675,,,,
2026-04-29,Rui Hachimura,PTS+AST,13.5,OVER,16.316,12.0,-1.5,MISS,,0.67,,,,
2026-04-29,Javonte Green,PRA,9.5,OVER,12.844000000000001,8.0,-1.5,MISS,DvP+1.16 ROT-RISK TREND↑ ★STRONG,0.668,,,,
2026-04-29,Collin Murray-Boyles,PTS+REB,18.5,OVER,22.195999999999998,13.0,-5.5,MISS,,0.668,,,,
2026-04-29,Amen Thompson,PTS+AST,24.5,OVER,27.404000000000003,19.0,-5.5,MISS,,0.667,,,,
2026-04-29,Dean Wade,REB,3.5,OVER,4.556,3.0,-0.5,MISS,,0.663,,,,
2026-04-29,Donovan Mitchell,3PM,2.5,OVER,2.94,3.0,0.5,HIT,DvP+1.18,0.653,,,,
2026-04-29,Sam Merrill,REB,1.5,OVER,1.764,1.0,-0.5,MISS,⚠BENCH LOW-LINE,0.639,,,,
2026-04-29,Jaxson Hayes,REB,3.5,OVER,4.204,1.0,-2.5,MISS,★STRONG,0.627,,,,
2026-04-29,Evan Mobley,PTS+AST,19.5,OVER,21.524,24.0,4.5,HIT,,0.614,,,,
2026-04-29,Caris LeVert,REB,1.5,OVER,2.028,3.0,1.5,HIT,LOW-PO LOW-LINE DvP+1.18 ROT-RISK ★STRONG,0.602,,,,
2026-04-29,Ausar Thompson,PTS+AST,13.5,UNDER,11.475999999999999,12.0,1.5,HIT,DvP-0.85 BLW-2m,0.596,,,,
2026-04-29,Max Strus,REB,4.5,OVER,5.028,4.0,-0.5,MISS,,0.593,,,,
2026-04-29,Jaylon Tyson,PTS+REB,9.5,OVER,15.924000000000001,9.0,-0.5,MISS,⚠SUSP-68% LOW-PO ★STRONG,0.589,,,,
2026-04-29,Jaylon Tyson,REB,2.5,OVER,4.436,1.0,-1.5,MISS,⚠SUSP-77% LOW-PO TREND↑,0.572,,,,
2026-04-29,Dorian Finney-Smith,REB,1.5,OVER,1.94,3.0,1.5,HIT,⚠BENCH LOW-PO LOW-LINE ★STRONG,0.56,,,,
2026-04-29,Paolo Banchero,AST,4.5,OVER,6.436,7.0,2.5,HIT,⚠SUSP-43% DvP+1.18,0.559,,,,
2026-04-29,Jaxson Hayes,PTS+REB,8.5,OVER,14.308,1.0,-7.5,MISS,⚠SUSP-68% LO-USG ★STRONG,0.557,,,,
2026-04-29,Marcus Smart,AST,4.5,OVER,6.787999999999999,2.0,-2.5,MISS,⚠SUSP-51% DvP+1.18,0.555,,,,
2026-04-29,Goga Bitadze,REB,3.5,OVER,5.612,1.0,-2.5,MISS,⚠SUSP-60% LOW-PO ROT-RISK TREND↑ ★STRONG,0.549,,,,
2026-04-29,Aaron Holiday,PRA,5.5,OVER,6.996,5.0,-0.5,MISS,⚠BENCH LOW-PO 1-BOOK ROT-RISK TREND↑ ★STRONG,0.535,,,,
2026-04-29,Sandro Mamukelashvili,PRA,11.5,OVER,18.011999999999997,13.0,1.5,HIT,⚠SUSP-57% ROAD-B2B 1-BOOK ROT-RISK ★STRONG,0.531,,,,
2026-04-29,Tristan da Silva,REB+AST,3.5,OVER,6.14,3.0,-0.5,MISS,⚠SUSP-75% LOW-PO 1-BOOK DvP+1.18,0.519,,,,
2026-04-29,Desmond Bane,REB,3.5,OVER,4.9079999999999995,5.0,1.5,HIT,⚠SUSP-40%,0.518,,,,
2026-04-29,Austin Reaves,REB,2.5,OVER,4.172000000000001,4.0,1.5,HIT,⚠SUSP-67% NO-PO ⚠PO-ROLE DvP-0.85 ★STRONG,0.516,,,,
2026-04-29,Ja'Kobe Walter,REB+AST,3.5,OVER,4.468,5.0,1.5,HIT,1-BOOK DvP-0.85,0.512,,,,
2026-04-29,Keon Ellis,PRA,2.5,OVER,10.332,,,MISS,⚠SUSP-313% NO-PO ⚠PO-ROLE 1-BOOK LO-USG ★STRONG,0.503,,,,
2026-04-29,Javonte Green,PTS+REB,8.5,OVER,12.196,7.0,-1.5,MISS,⚠SUSP-44% DvP+1.15 ROT-RISK TREND↑ ★STRONG,0.5,,,,
2026-04-29,Wendell Carter Jr,AST,1.5,OVER,2.116,4.0,2.5,HIT,⚠SUSP-41% LOW-LINE,0.5,,,,
2026-04-29,Jamison Battle,PRA,3.5,OVER,9.395999999999999,13.0,9.5,HIT,⚠SUSP-168% ⚠BENCH NO-PO ⚠PO-ROLE 1-BOOK ROT-RISK ★STRONG,0.5,,,,
2026-04-29,Dennis Schroder,PRA,7.5,OVER,10.315999999999999,21.0,13.5,HIT,⚠BENCH NO-PO ⚠PO-ROLE 1-BOOK ROT-RISK TREND↑ ★STRONG,0.5,,,,
2026-04-29,Collin Murray-Boyles,AST,1.5,OVER,2.2920000000000003,2.0,0.5,HIT,⚠SUSP-53% LOW-LINE 2-BOOK DvP+1.18,0.5,,,,
2026-04-29,Luke Kennard,AST,2.5,OVER,4.524,2.0,-0.5,MISS,⚠SUSP-81% DvP+1.18,0.5,,,,
2026-04-29,Josh Okogie,REB,2.0,OVER,3.232,3.0,1.0,HIT,⚠SUSP-62%,0.5,,,,
2026-04-29,Deandre Ayton,AST,0.5,OVER,0.8520000000000001,0.0,-0.5,MISS,⚠SUSP-70% LOW-LINE 2-BOOK,0.5,,,,
2026-04-29,Rui Hachimura,AST,0.5,OVER,1.2040000000000002,0.0,-0.5,MISS,⚠SUSP-141% LOW-LINE 2-BOOK DvP+1.18,0.5,,,,
2026-04-29,Anthony Black,AST,2.5,UNDER,1.62,3.0,-0.5,MISS,DvP-0.85,0.894,,,,
2026-04-29,Scottie Barnes,PTS+AST,26.5,OVER,33.188,28.0,1.5,HIT,DvP+1.18,0.82,,,,
2026-04-29,Paolo Banchero,REB,7.5,OVER,9.700000000000001,9.0,1.5,HIT,DvP+1.18,0.798,,,,
2026-04-29,Desmond Bane,AST,3.5,UNDER,2.972,1.0,2.5,HIT,DvP-0.85,0.789,,,,
2026-04-29,Austin Reaves,PTS+AST,21.5,OVER,28.804000000000002,28.0,6.5,HIT,NO-PO ⚠PO-ROLE DvP+1.12 ★STRONG,0.755,,,,
2026-04-29,Wendell Carter Jr,REB,7.5,OVER,9.084000000000001,4.0,-3.5,MISS,,0.754,,,,
2026-04-29,James Harden,3PM,2.5,OVER,3.38,4.0,1.5,HIT,DvP+1.18,0.753,,,,
2026-04-29,Marcus Smart,PTS+AST,15.5,OVER,19.46,13.0,-2.5,MISS,DvP+1.12,0.729,,,,
2026-04-29,Luke Kennard,PTS+AST,15.5,OVER,19.636,3.0,-12.5,MISS,DvP+1.12,0.72,,,,
2026-04-29,Scottie Barnes,AST,6.5,OVER,8.964,11.0,4.5,HIT,DvP+1.18,0.715,,,,
2026-04-29,Jabari Smith Jr,3PM,2.5,OVER,3.116,4.0,1.5,HIT,,0.714,,,,
2026-04-29,Cade Cunningham,REB,5.5,OVER,6.9079999999999995,4.0,-1.5,MISS,DvP+1.18 BLW-2m,0.71,,,,
2026-04-29,Daniss Jenkins,REB,1.5,OVER,4.0520000000000005,0.0,-1.5,MISS,⚠SUSP-170% LOW-PO LOW-LINE 2-BOOK DvP+1.18 BLW-2m ★STRONG,0.689,,,,
2026-04-29,LeBron James,AST,8.5,OVER,10.435999999999998,7.0,-1.5,MISS,DvP+1.18,0.687,,,,
2026-04-29,Daniss Jenkins,REB+AST,2.5,OVER,10.156,2.0,-0.5,MISS,⚠SUSP-306% LOW-PO 1-BOOK DvP+1.18 BLW-2m ★STRONG,0.686,,,,
2026-04-29,Reed Sheppard,3PM,3.5,OVER,4.1160000000000005,2.0,-1.5,MISS,,0.684,,,,
2026-04-29,Jalen Suggs,3PM,2.5,OVER,3.028,2.0,-0.5,MISS,DvP+1.18,0.676,,,,
2026-04-29,Jarrett Allen,AST,1.5,UNDER,0.796,1.0,0.5,HIT,⚠SUSP-47% LOW-LINE 1-BOOK,0.675,,,,
2026-04-29,Rui Hachimura,PTS+AST,13.5,OVER,16.316,12.0,-1.5,MISS,,0.67,,,,
2026-04-29,Javonte Green,PRA,9.5,OVER,12.844000000000001,8.0,-1.5,MISS,DvP+1.16 ROT-RISK TREND↑ ★STRONG,0.668,,,,
2026-04-29,Collin Murray-Boyles,PTS+REB,18.5,OVER,22.195999999999998,13.0,-5.5,MISS,,0.668,,,,
2026-04-29,Amen Thompson,PTS+AST,24.5,OVER,27.404000000000003,19.0,-5.5,MISS,,0.667,,,,
2026-04-29,Dean Wade,REB,3.5,OVER,4.556,3.0,-0.5,MISS,,0.663,,,,
2026-04-29,Donovan Mitchell,3PM,2.5,OVER,2.94,3.0,0.5,HIT,DvP+1.18,0.653,,,,
2026-04-29,Sam Merrill,REB,1.5,OVER,1.764,1.0,-0.5,MISS,⚠BENCH LOW-LINE,0.639,,,,
2026-04-29,Jaxson Hayes,REB,3.5,OVER,4.204,1.0,-2.5,MISS,★STRONG,0.627,,,,
2026-04-29,Evan Mobley,PTS+AST,19.5,OVER,21.524,24.0,4.5,HIT,,0.614,,,,
2026-04-29,Caris LeVert,REB,1.5,OVER,2.028,3.0,1.5,HIT,LOW-PO LOW-LINE DvP+1.18 ROT-RISK ★STRONG,0.602,,,,
2026-04-29,Ausar Thompson,PTS+AST,13.5,UNDER,11.475999999999999,12.0,1.5,HIT,DvP-0.85 BLW-2m,0.596,,,,
2026-04-29,Max Strus,REB,4.5,OVER,5.028,4.0,-0.5,MISS,,0.593,,,,
2026-04-29,Jaylon Tyson,PTS+REB,9.5,OVER,15.924000000000001,9.0,-0.5,MISS,⚠SUSP-68% LOW-PO ★STRONG,0.589,,,,
2026-04-29,Jaylon Tyson,REB,2.5,OVER,4.436,1.0,-1.5,MISS,⚠SUSP-77% LOW-PO TREND↑,0.572,,,,
2026-04-29,Dorian Finney-Smith,REB,1.5,OVER,1.94,3.0,1.5,HIT,⚠BENCH LOW-PO LOW-LINE ★STRONG,0.56,,,,
2026-04-29,Paolo Banchero,AST,4.5,OVER,6.436,7.0,2.5,HIT,⚠SUSP-43% DvP+1.18,0.559,,,,
2026-04-29,Jaxson Hayes,PTS+REB,8.5,OVER,14.308,1.0,-7.5,MISS,⚠SUSP-68% LO-USG ★STRONG,0.557,,,,
2026-04-29,Marcus Smart,AST,4.5,OVER,6.787999999999999,2.0,-2.5,MISS,⚠SUSP-51% DvP+1.18,0.555,,,,
2026-04-29,Goga Bitadze,REB,3.5,OVER,5.612,1.0,-2.5,MISS,⚠SUSP-60% LOW-PO ROT-RISK TREND↑ ★STRONG,0.549,,,,
2026-04-29,Aaron Holiday,PRA,5.5,OVER,6.996,5.0,-0.5,MISS,⚠BENCH LOW-PO 1-BOOK ROT-RISK TREND↑ ★STRONG,0.535,,,,
2026-04-29,Sandro Mamukelashvili,PRA,11.5,OVER,18.011999999999997,13.0,1.5,HIT,⚠SUSP-57% ROAD-B2B 1-BOOK ROT-RISK ★STRONG,0.531,,,,
2026-04-29,Tristan da Silva,REB+AST,3.5,OVER,6.14,3.0,-0.5,MISS,⚠SUSP-75% LOW-PO 1-BOOK DvP+1.18,0.519,,,,
2026-04-29,Desmond Bane,REB,3.5,OVER,4.9079999999999995,5.0,1.5,HIT,⚠SUSP-40%,0.518,,,,
2026-04-29,Austin Reaves,REB,2.5,OVER,4.172000000000001,4.0,1.5,HIT,⚠SUSP-67% NO-PO ⚠PO-ROLE DvP-0.85 ★STRONG,0.516,,,,
2026-04-29,Ja'Kobe Walter,REB+AST,3.5,OVER,4.468,5.0,1.5,HIT,1-BOOK DvP-0.85,0.512,,,,
2026-04-29,Keon Ellis,PRA,2.5,OVER,10.332,,,MISS,⚠SUSP-313% NO-PO ⚠PO-ROLE 1-BOOK LO-USG ★STRONG,0.503,,,,
2026-04-29,Javonte Green,PTS+REB,8.5,OVER,12.196,7.0,-1.5,MISS,⚠SUSP-44% DvP+1.15 ROT-RISK TREND↑ ★STRONG,0.5,,,,
2026-04-29,Wendell Carter Jr,AST,1.5,OVER,2.116,4.0,2.5,HIT,⚠SUSP-41% LOW-LINE,0.5,,,,
2026-04-29,Jamison Battle,PRA,3.5,OVER,9.395999999999999,13.0,9.5,HIT,⚠SUSP-168% ⚠BENCH NO-PO ⚠PO-ROLE 1-BOOK ROT-RISK ★STRONG,0.5,,,,
2026-04-29,Dennis Schroder,PRA,7.5,OVER,10.315999999999999,21.0,13.5,HIT,⚠BENCH NO-PO ⚠PO-ROLE 1-BOOK ROT-RISK TREND↑ ★STRONG,0.5,,,,
2026-04-29,Collin Murray-Boyles,AST,1.5,OVER,2.2920000000000003,2.0,0.5,HIT,⚠SUSP-53% LOW-LINE 2-BOOK DvP+1.18,0.5,,,,
2026-04-29,Luke Kennard,AST,2.5,OVER,4.524,2.0,-0.5,MISS,⚠SUSP-81% DvP+1.18,0.5,,,,
2026-04-29,Josh Okogie,REB,2.0,OVER,3.232,3.0,1.0,HIT,⚠SUSP-62%,0.5,,,,
2026-04-29,Deandre Ayton,AST,0.5,OVER,0.8520000000000001,0.0,-0.5,MISS,⚠SUSP-70% LOW-LINE 2-BOOK,0.5,,,,
2026-04-29,Rui Hachimura,AST,0.5,OVER,1.2040000000000002,0.0,-0.5,MISS,⚠SUSP-141% LOW-LINE 2-BOOK DvP+1.18,0.5,,,,
2026-04-30,Mike Conley,AST,4.5,UNDER,2.8280000000000003,3.0,1.5,HIT,LOW-PO DvP+1.18 ROT-RISK,0.962,,,,
2026-04-30,Mikal Bridges,AST,2.5,UNDER,1.7080000000000002,3.0,-0.5,MISS,⚠MINS-VOL DvP-0.85 ★STRONG,0.883,0.3887,2.4,,
2026-04-30,OG Anunoby,REB,6.5,OVER,8.347999999999999,7.0,0.5,HIT,★STRONG,0.881,0.452,2.06,,
2026-04-30,Mitchell Robinson,AST,0.5,UNDER,0.41200000000000003,0.0,0.5,HIT,⚠BENCH LOW-PO LOW-LINE ROT-RISK TREND↓,0.857,0.6081,1.5405,,
2026-04-30,Christian Braun,AST,2.5,UNDER,1.972,0.0,2.5,HIT,,0.83,,,,
2026-04-30,Jayson Tatum,PRA,41.5,OVER,47.132,31.0,-10.5,MISS,DvP+1.18 ★STRONG,0.792,,,,
2026-04-30,Sam Hauser,REB,3.5,OVER,4.556,4.0,0.5,HIT,DvP+1.18 ★STRONG,0.76,,,,
2026-04-30,Kelly Oubre Jr,AST,1.5,UNDER,1.1480000000000001,1.0,0.5,HIT,LOW-LINE ★STRONG,0.751,,,,
2026-04-30,Bones Hyland,3PM,2.5,OVER,3.116,0.0,-2.5,MISS,DvP+1.18 TREND↑,0.739,0.3933,2.39,,
2026-04-30,Payton Pritchard,AST,3.5,OVER,4.732,5.0,1.5,HIT,★STRONG,0.71,0.3636,,,
2026-04-30,Neemias Queta,REB+AST,8.5,OVER,11.491999999999999,11.0,2.5,HIT,★STRONG,0.703,,,,
2026-04-30,Paul George,3PM,2.5,OVER,3.028,5.0,2.5,HIT,DvP-0.85,0.703,0.4736,1.9662,,
2026-04-30,Nickeil Alexander-Walker,3PM,3.5,OVER,3.94,1.0,-2.5,MISS,,0.7,,,,
2026-04-30,Karl-Anthony Towns,PTS+AST,22.5,OVER,25.052,22.0,-0.5,MISS,★STRONG,0.692,,,,
2026-04-30,Jaden McDaniels,PTS,18.5,UNDER,15.332,32.0,-13.5,MISS,★STRONG,0.688,0.5088,1.8403,,
2026-04-30,Derrick White,PTS,11.5,UNDER,8.948,11.0,0.5,HIT,DvP-0.85 ★STRONG,0.68,,,,
2026-04-30,Joel Embiid,3PM,1.5,OVER,1.94,1.0,-0.5,MISS,LOW-LINE TREND↑,0.678,,,,
2026-04-30,VJ Edgecombe,REB,5.5,OVER,6.9079999999999995,8.0,2.5,HIT,DvP+1.18,0.669,0.3839,2.45,,
2026-04-30,Andre Drummond,PRA,5.5,OVER,15.972,9.0,3.5,HIT,⚠SUSP-190% 1-BOOK,0.666,,,,
2026-04-30,Julius Randle,PTS,23.5,UNDER,19.98,18.0,5.5,HIT,,0.649,,,,
2026-04-30,Bruce Brown,REB,3.5,UNDER,2.972,1.0,2.5,HIT,DvP-0.85,0.649,,,,
2026-04-30,Cameron Johnson,REB,3.5,UNDER,2.972,8.0,-4.5,MISS,DvP-0.85 ★STRONG,0.642,,,,
2026-04-30,Rudy Gobert,PTS,9.5,UNDER,7.3,10.0,-0.5,MISS,LO-USG,0.642,,,,
2026-04-30,Nickeil Alexander-Walker,REB,3.5,UNDER,2.972,1.0,2.5,HIT,,0.64,,,,
2026-04-30,Jaden McDaniels,REB,4.5,OVER,5.732,10.0,5.5,HIT,,0.636,0.5419,1.7246,,
2026-04-30,Ayo Dosunmu,PTS+AST,23.0,OVER,26.08,,,MISS,DvP+1.18 ★STRONG,0.618,,,,
2026-04-30,Tim Hardaway Jr,REB,2.5,OVER,3.468,4.0,1.5,HIT,ROAD-B2B,0.614,,,,
2026-04-30,Bones Hyland,REB+AST,5.5,OVER,6.9079999999999995,3.0,-2.5,MISS,DvP+1.15 TREND↑,0.607,,,,
2026-04-30,Rudy Gobert,AST,1.5,OVER,1.94,8.0,6.5,HIT,LOW-LINE ★STRONG,0.603,0.4686,2.0,,
2026-04-30,Quentin Grimes,PTS+AST,9.5,OVER,12.316,4.0,-5.5,MISS,1-BOOK,0.592,,,,
2026-04-30,Jonathan Kuminga,PRA,18.0,OVER,20.376,16.0,-2.0,MISS,,0.58,,,,
2026-04-30,Spencer Jones,REB,3.5,OVER,4.204,2.0,-1.5,MISS,1-BOOK DvP-0.85,0.572,,,,
2026-04-30,Dyson Daniels,REB,6.5,OVER,7.292000000000001,0.0,-6.5,MISS,,0.561,,,,
2026-04-30,Miles McBride,PRA,11.0,OVER,12.584000000000001,4.0,-7.0,MISS,,0.546,0.5306,1.7692,,
2026-04-30,Jose Alvarado,PRA,7.5,OVER,16.564,6.0,-1.5,MISS,⚠SUSP-121% NO-PO ⚠PO-ROLE 1-BOOK TREND↑ ★STRONG,0.544,,,,
2026-04-30,Jalen Brunson,REB,2.5,OVER,2.764,2.0,-0.5,MISS,DvP+1.18,0.544,0.3859,2.42,,
2026-04-30,Miles McBride,REB,1.5,OVER,2.028,1.0,-0.5,MISS,LOW-LINE DvP+1.18,0.533,0.5153,1.8197,,
2026-04-30,Luka Garza,PRA,4.5,OVER,14.620000000000001,12.0,7.5,HIT,⚠SUSP-225% NO-PO ⚠PO-ROLE 1-BOOK TREND↑ ★STRONG,0.53,,,,
2026-04-30,Neemias Queta,PTS+AST,8.5,OVER,12.636,4.0,-4.5,MISS,⚠SUSP-49% TREND↑,0.515,,,,
2026-04-30,Jordan Walsh,PRA,4.5,OVER,9.692,11.0,6.5,HIT,⚠SUSP-115% NO-PO ⚠PO-ROLE 1-BOOK LO-USG TREND↑ ★STRONG,0.511,0.5446,1.7143,,
2026-04-30,Bruce Brown,AST,1.5,OVER,1.764,1.0,-0.5,MISS,LOW-LINE DvP-0.85,0.502,,,,
2026-04-30,Karl-Anthony Towns,AST,3.5,OVER,5.26,10.0,6.5,HIT,⚠SUSP-50% ★STRONG,0.5,0.5635,1.6579,,
2026-04-30,Corey Kispert,PRA,6.5,OVER,9.755999999999998,7.0,0.5,HIT,⚠SUSP-50% ⚠BENCH NO-PO ⚠PO-ROLE 1-BOOK ROT-RISK TREND↓ ★STRONG,0.5,0.5031,1.8696,,
2026-04-30,Mitchell Robinson,PTS,3.5,OVER,4.644,6.0,2.5,HIT,⚠BENCH LOW-PO LO-USG ROT-RISK TREND↑ ★STRONG,0.5,0.4424,2.13,,
2026-04-30,Jonathan Kuminga,PTS,11.5,OVER,13.964000000000002,11.0,-0.5,MISS,,0.5,0.5044,1.8368,,
2026-04-30,Gabe Vincent,3PM,0.5,OVER,0.8520000000000001,0.0,-0.5,MISS,⚠SUSP-70% LOW-PO LOW-LINE ROT-RISK,0.5,0.6324,1.4762,,
2026-04-30,Baylor Scheierman,PRA,5.5,OVER,13.684000000000001,9.0,3.5,HIT,⚠SUSP-149% NO-PO ⚠PO-ROLE 1-BOOK LO-USG ★STRONG,0.5,,,,
2026-04-30,Nikola Vucevic,REB,4.5,OVER,6.348,2.0,-2.5,MISS,⚠SUSP-41% ⚠MINS-VOL ROAD-B2B,0.5,,,,
2026-04-30,Ayo Dosunmu,3PM,1.5,OVER,2.2920000000000003,,,MISS,⚠SUSP-53% LOW-LINE DvP+1.18,0.5,,,,
2026-05-01,Max Strus,AST,2.5,UNDER,1.7080000000000002,3.0,-0.5,MISS,,0.891,0.3624,2.45,,
2026-05-01,Anthony Black,AST,2.5,UNDER,1.7080000000000002,1.0,1.5,HIT,⚠MINS-VOL DvP-0.85,0.855,,,,
2026-05-01,Cade Cunningham,REB,5.5,OVER,7.172000000000001,10.0,4.5,HIT,DvP+1.18,0.801,0.5396,1.7353,,
2026-05-01,Donovan Mitchell,3PM,2.5,OVER,3.2039999999999997,2.0,-0.5,MISS,DvP+1.18 ★STRONG,0.763,,,,
2026-05-01,Tobias Harris,REB,6.5,OVER,7.82,10.0,3.5,HIT,,0.762,,,,
2026-05-01,Ausar Thompson,REB,7.5,OVER,9.348,10.0,2.5,HIT,★STRONG,0.751,,,,
2026-05-01,Reed Sheppard,3PM,3.5,OVER,4.292000000000001,1.0,-2.5,MISS,DvP+1.18,0.751,0.4248,2.17,,
2026-05-01,Paolo Banchero,REB,8.5,OVER,9.908,10.0,1.5,HIT,DvP+1.14,0.742,,,,
2026-05-01,James Harden,3PM,2.5,OVER,3.7319999999999998,1.0,-1.5,MISS,⚠SUSP-49% DvP+1.18 ★STRONG,0.732,,,,
2026-05-01,Dean Wade,REB,3.5,OVER,4.292000000000001,5.0,1.5,HIT,,0.728,,,,
2026-05-01,Jalen Suggs,3PM,2.5,OVER,2.94,1.0,-1.5,MISS,DvP+1.13,0.726,,,,
2026-05-01,Sandro Mamukelashvili,REB,3.5,OVER,5.9639999999999995,4.0,0.5,HIT,⚠SUSP-70% ROT-RISK ★STRONG,0.715,,,,
2026-05-01,Scottie Barnes,AST,7.5,OVER,9.700000000000001,14.0,6.5,HIT,DvP+1.18,0.712,0.2821,3.1,,
2026-05-01,Desmond Bane,REB,4.5,OVER,5.204,3.0,-1.5,MISS,★STRONG,0.703,,,,
2026-05-01,LeBron James,AST,7.5,OVER,9.348,8.0,0.5,HIT,DvP+1.15,0.697,,,,
2026-05-01,Marcus Smart,PTS+AST,13.5,OVER,17.108,8.0,-5.5,MISS,★STRONG,0.693,,,,
2026-05-01,Austin Reaves,PTS,23.5,UNDER,19.451999999999998,15.0,8.5,HIT,LOW-PO,0.69,0.5205,1.8197,,
2026-05-01,Tristan da Silva,REB,2.5,OVER,3.38,6.0,3.5,HIT,LOW-PO DvP+1.14,0.685,,,,
2026-05-01,Rui Hachimura,3PM,1.5,OVER,1.94,5.0,3.5,HIT,LOW-LINE DvP-0.85 ★STRONG,0.683,,,,
2026-05-01,Caris LeVert,PRA,10.5,OVER,13.492,0.0,-10.5,MISS,DvP+1.14 ROT-RISK ★STRONG,0.68,,,,
2026-05-01,Daniss Jenkins,REB,1.5,OVER,4.404,1.0,-0.5,MISS,⚠SUSP-194% LOW-PO LOW-LINE 1-BOOK DvP+1.18 ★STRONG,0.678,,,,
2026-05-01,Jamal Shead,REB,2.5,UNDER,1.8840000000000001,1.0,1.5,HIT,DvP-0.85,0.678,,,,
2026-05-01,Marcus Smart,AST,2.5,OVER,5.843999999999999,1.0,-1.5,MISS,⚠SUSP-134% DvP+1.17 ★STRONG,0.673,,,,
2026-05-01,Daniss Jenkins,AST,2.5,OVER,6.196,3.0,0.5,HIT,⚠SUSP-148% LOW-PO 1-BOOK ★STRONG,0.672,,,,
2026-05-01,Luke Kennard,PTS+AST,10.5,OVER,13.932,6.0,-4.5,MISS,★STRONG,0.656,0.4933,1.8929,,
2026-05-01,Sam Merrill,AST,1.5,UNDER,1.236,1.0,0.5,HIT,LOW-LINE 1-BOOK,0.653,0.5762,1.6494,,
2026-05-01,Ja'Kobe Walter,PTS,10.5,UNDER,7.859999999999999,24.0,-13.5,MISS,DvP-0.85,0.652,,,,
2026-05-01,Tari Eason,REB,6.5,OVER,7.292000000000001,5.0,-1.5,MISS,⚠MINS-VOL,0.647,0.2929,3.0,,
2026-05-01,Collin Murray-Boyles,PTS+AST,14.5,OVER,16.348,19.0,4.5,HIT,DvP+1.18 ★STRONG,0.645,0.5045,1.8475,,
2026-05-01,Caris LeVert,REB,2.5,OVER,3.292,0.0,-2.5,MISS,1-BOOK DvP+1.18 ROT-RISK,0.634,,,,
2026-05-01,Max Strus,REB,3.5,OVER,5.084,5.0,1.5,HIT,⚠SUSP-45%,0.626,,,,
2026-05-01,Jaxson Hayes,REB,3.5,OVER,4.292000000000001,4.0,0.5,HIT,★STRONG,0.625,0.6045,1.5714,,
2026-05-01,Dorian Finney-Smith,REB,2.5,UNDER,1.972,0.0,2.5,HIT,⚠BENCH LOW-PO,0.618,0.4044,2.27,,
2026-05-01,Evan Mobley,AST,2.5,OVER,3.116,3.0,0.5,HIT,,0.57,,,,
2026-05-01,Goga Bitadze,REB,3.5,OVER,5.9639999999999995,4.0,0.5,HIT,⚠SUSP-70% LOW-PO ROT-RISK TREND↑ ★STRONG,0.567,0.5404,1.7519,,
2026-05-01,Josh Okogie,REB,2.5,OVER,3.116,4.0,1.5,HIT,DvP-0.85,0.561,,,,
2026-05-01,Jaylon Tyson,REB,2.5,OVER,4.348,4.0,1.5,HIT,⚠SUSP-74% LOW-PO TREND↑,0.545,,,,
2026-05-01,Luke Kennard,REB+AST,4.5,OVER,7.58,6.0,1.5,HIT,⚠SUSP-68% ★STRONG,0.528,0.5618,1.6849,,
2026-05-01,Dennis Schroder,AST,2.5,OVER,3.38,1.0,-1.5,MISS,LOW-PO 1-BOOK ROT-RISK TREND↑ ★STRONG,0.524,,,,
2026-05-01,Tristan da Silva,PRA,8.5,OVER,14.219999999999999,16.0,7.5,HIT,⚠SUSP-67% LOW-PO 2-BOOK DvP+1.16 ★STRONG,0.519,,,,
2026-05-01,Javonte Green,PRA,8.5,OVER,13.164,1.0,-7.5,MISS,⚠SUSP-55% 1-BOOK DvP+1.14 ROT-RISK TREND↑ ★STRONG,0.511,,,,
2026-05-01,Wendell Carter Jr,AST,1.5,OVER,2.4680000000000004,2.0,0.5,HIT,⚠SUSP-64% LOW-LINE ★STRONG,0.5,0.3725,2.45,,
2026-05-01,Jalen Duren,AST,1.5,OVER,2.3800000000000003,1.0,-0.5,MISS,⚠SUSP-59% LOW-LINE,0.5,0.5789,1.639,,
2026-05-01,Dean Wade,PTS,3.5,OVER,5.172000000000001,10.0,6.5,HIT,⚠SUSP-48% LO-USG ★STRONG,0.5,0.5227,1.813,,
2026-05-01,Collin Murray-Boyles,AST,1.5,OVER,2.3800000000000003,2.0,0.5,HIT,⚠SUSP-59% LOW-LINE DvP+1.18 ★STRONG,0.5,0.621,1.5435,,
2026-05-01,Jake LaRavia,PRA,5.5,OVER,11.044,12.0,6.5,HIT,⚠SUSP-101% ⚠BENCH LOW-PO 1-BOOK TREND↑,0.5,,,,
2026-05-01,Jaxson Hayes,PTS,5.5,OVER,10.34,5.0,-0.5,MISS,⚠SUSP-88% LO-USG TREND↑ ★STRONG,0.5,0.4776,1.9524,,
2026-05-01,Rui Hachimura,AST,0.5,OVER,1.028,2.0,1.5,HIT,⚠SUSP-106% LOW-LINE 2-BOOK DvP+1.15,0.5,0.5589,1.6944,,
2026-05-01,Deandre Ayton,AST,0.5,OVER,0.764,1.0,0.5,HIT,⚠SUSP-53% LOW-LINE 2-BOOK,0.5,,,,
2026-05-01,Jabari Smith Jr,AST,1.5,OVER,1.8519999999999999,3.0,1.5,HIT,LOW-LINE,0.5,,,,
2026-05-02,Sam Hauser,REB,3.5,OVER,4.732,3.0,-0.5,MISS,DvP+1.16 ★STRONG,0.821,,,,
2026-05-02,Jaylen Brown,AST,4.5,UNDER,3.708,4.0,0.5,HIT,DvP+1.18 BLW-2m ★STRONG,0.819,,,,
2026-05-02,Derrick White,REB+AST,7.5,UNDER,6.0920000000000005,10.0,-2.5,MISS,BLW-2m,0.809,,,,
2026-05-02,Kelly Oubre Jr,AST,1.5,UNDER,1.1480000000000001,2.0,-0.5,MISS,LOW-LINE ★STRONG,0.778,,,,
2026-05-02,Jayson Tatum,3PM,2.5,OVER,3.468,,,MISS,DvP+1.18 BLW-2m,0.743,,,,
2026-05-02,Tyrese Maxey,3PM,2.5,OVER,3.292,2.0,-0.5,MISS,★STRONG,0.734,,,,
2026-05-02,VJ Edgecombe,REB,5.5,OVER,7.084,6.0,0.5,HIT,,0.718,0.115,,,
2026-05-02,Neemias Queta,REB,7.5,OVER,9.524000000000001,12.0,4.5,HIT,,0.707,,,,
2026-05-02,Quentin Grimes,REB,2.5,OVER,2.94,6.0,3.5,HIT,,0.685,0.4136,2.215,,
2026-05-02,Andre Drummond,PRA,5.5,OVER,16.148,2.0,-3.5,MISS,⚠SUSP-194% 1-BOOK,0.675,,,,
2026-05-02,Justin Edwards,PRA,2.5,OVER,11.388,0.0,-2.5,MISS,⚠SUSP-356% LOW-PO 1-BOOK DvP-0.86 ★STRONG,0.587,,,,
2026-05-02,Jordan Walsh,PRA,5.5,OVER,10.34,0.0,-5.5,MISS,⚠SUSP-88% ⚠BENCH LOW-PO 1-BOOK LO-USG TREND↑ ★STRONG,0.556,,,,
2026-05-02,Luka Garza,PRA,5.5,OVER,14.564,0.0,-5.5,MISS,⚠SUSP-165% NO-PO ⚠PO-ROLE 1-BOOK TREND↑ ★STRONG,0.512,,,,
2026-05-02,Baylor Scheierman,PRA,6.5,OVER,13.627999999999998,8.0,1.5,HIT,⚠SUSP-110% NO-PO ⚠PO-ROLE 1-BOOK LO-USG ★STRONG,0.5,,,,
2026-05-02,Nikola Vucevic,PTS+AST,7.0,OVER,10.959999999999999,,,MISS,⚠SUSP-57% ⚠MINS-VOL 2-BOOK,0.5,0.4888,1.9091,,
2026-05-03,Ausar Thompson,REB,8.5,UNDER,5.772,4.0,4.5,HIT,NO-PO ⚠PO-ROLE DvP+1.13 TREND↓ ★STRONG,0.793,0.4357,2.1,,
2026-05-03,Collin Murray-Boyles,AST,2.5,UNDER,1.796,3.0,-0.5,MISS,NO-PO ⚠PO-ROLE DvP+1.18 ★STRONG,0.79,0.5965,1.5988,,
2026-05-03,Jamal Shead,REB+AST,8.5,UNDER,6.212,10.0,-1.5,MISS,NO-PO ⚠PO-ROLE DvP-0.85 TREND↓ ★STRONG,0.769,0.5647,1.6757,,
2026-05-03,Wendell Carter Jr,REB+AST,9.5,UNDER,7.212,7.0,2.5,HIT,NO-PO ⚠PO-ROLE 1-BOOK TREND↓,0.763,,,,
2026-05-03,Cade Cunningham,PTS+REB,35.5,UNDER,23.003999999999998,33.0,2.5,HIT,NO-PO ⚠PO-ROLE BLW-3m,0.749,,,,
2026-05-03,Max Strus,AST,2.5,UNDER,1.972,5.0,-2.5,MISS,NO-PO ⚠PO-ROLE ★STRONG,0.748,,,,
2026-05-03,Jalen Duren,PRA,24.5,OVER,31.276000000000003,33.0,8.5,HIT,NO-PO ⚠PO-ROLE BLW-3m ★STRONG,0.722,,,,
2026-05-03,Donovan Mitchell,REB+AST,8.5,OVER,10.347999999999999,4.0,-4.5,MISS,NO-PO ⚠PO-ROLE,0.714,,,,
2026-05-03,Anthony Black,AST,2.5,UNDER,2.06,1.0,1.5,HIT,NO-PO ⚠PO-ROLE DvP-0.85 TREND↓,0.692,0.4643,2.0,,
2026-05-03,Paolo Banchero,REB+AST,13.5,OVER,17.195999999999998,15.0,1.5,HIT,NO-PO ⚠PO-ROLE DvP+1.18 TREND↑,0.691,,,,
2026-05-03,Tobias Harris,PTS+REB,24.5,UNDER,18.428,39.0,-14.5,MISS,NO-PO ⚠PO-ROLE,0.689,,,,
2026-05-03,Jamal Shead,REB,2.5,UNDER,1.004,3.0,-0.5,MISS,⚠SUSP-60% NO-PO ⚠PO-ROLE DvP-0.85 TREND↓ ★STRONG,0.688,0.177,,,
2026-05-03,Evan Mobley,AST,2.5,OVER,3.468,4.0,1.5,HIT,NO-PO ⚠PO-ROLE TREND↑ ★STRONG,0.678,,,,
2026-05-03,Ja'Kobe Walter,REB+AST,5.5,UNDER,4.268,4.0,1.5,HIT,NO-PO ⚠PO-ROLE 1-BOOK DvP-0.85,0.65,,,,
2026-05-03,Scottie Barnes,PTS,21.5,UNDER,17.276,24.0,-2.5,MISS,NO-PO ⚠PO-ROLE DvP+1.18 ★STRONG,0.633,0.3373,,,
2026-05-03,Jakob Poeltl,REB,5.5,UNDER,4.356,7.0,-1.5,MISS,NO-PO ⚠PO-ROLE TREND↓,0.633,,,,
2026-05-03,Desmond Bane,PTS,18.5,UNDER,14.100000000000001,16.0,2.5,HIT,NO-PO ⚠PO-ROLE DvP-0.85 TREND↓,0.621,0.5493,1.7092,,
2026-05-03,Daniss Jenkins,AST,2.5,OVER,5.756,5.0,2.5,HIT,⚠SUSP-130% NO-PO ⚠PO-ROLE BLW-3m ★STRONG,0.618,0.4087,2.25,,
2026-05-03,Jarrett Allen,AST,1.5,UNDER,0.8840000000000001,2.0,-0.5,MISS,⚠SUSP-41% NO-PO ⚠PO-ROLE LOW-LINE TREND↓,0.592,0.6133,1.5556,,
2026-05-03,Jalen Suggs,3PM,2.0,OVER,3.5839999999999996,0.0,-2.0,MISS,⚠SUSP-79% NO-PO ⚠PO-ROLE DvP+1.13 TREND↑,0.568,,,,
2026-05-03,Duncan Robinson,AST,1.5,OVER,1.94,3.0,1.5,HIT,NO-PO ⚠PO-ROLE LOW-LINE ★STRONG,0.558,,,,
2026-05-03,Sandro Mamukelashvili,PRA,9.5,OVER,12.932,6.0,-3.5,MISS,NO-PO ⚠PO-ROLE 1-BOOK ROT-RISK ★STRONG,0.554,0.5165,1.8,,
2026-05-03,Jalen Duren,PTS+AST,14.5,OVER,20.836,18.0,3.5,HIT,⚠SUSP-44% NO-PO ⚠PO-ROLE BLW-3m ★STRONG,0.551,,,,
2026-05-03,Cade Cunningham,PTS,29.0,UNDER,16.944,32.0,-3.0,MISS,⚠SUSP-42% NO-PO ⚠PO-ROLE BLW-3m TREND↓ ★STRONG,0.548,,,,
2026-05-03,Goga Bitadze,REB,3.5,OVER,5.26,,,MISS,⚠SUSP-50% ⚠BENCH NO-PO ⚠PO-ROLE 1-BOOK DvP-0.85 ROT-RISK TREND↑ ★STRONG,0.5,0.509,1.8475,,
2026-05-03,Ausar Thompson,AST,2.5,OVER,3.82,4.0,1.5,HIT,⚠SUSP-53% NO-PO ⚠PO-ROLE,0.5,0.6045,1.5714,,
2026-05-03,Tristan da Silva,REB,2.5,OVER,3.6439999999999997,0.0,-2.5,MISS,⚠SUSP-46% NO-PO ⚠PO-ROLE DvP+1.18,0.5,0.5387,1.7407,,
2026-05-03,Javonte Green,PRA,6.5,OVER,9.315999999999999,5.0,-1.5,MISS,⚠SUSP-43% NO-PO ⚠PO-ROLE 1-BOOK ROT-RISK TREND↑ ★STRONG,0.5,,,,
2026-05-03,Tobias Harris,AST,1.5,OVER,2.3800000000000003,2.0,0.5,HIT,⚠SUSP-59% NO-PO ⚠PO-ROLE LOW-LINE TREND↓ ★STRONG,0.5,0.3046,2.9,,
2026-05-03,Sam Merrill,PRA,8.5,OVER,15.54,18.0,9.5,HIT,⚠SUSP-83% NO-PO ⚠PO-ROLE 1-BOOK TREND↓ ★STRONG,0.5,,,,
2026-05-03,Dennis Schroder,AST,1.5,OVER,2.9960000000000004,1.0,-0.5,MISS,⚠SUSP-100% ⚠BENCH NO-PO ⚠PO-ROLE LOW-LINE ROT-RISK TREND↑ ★STRONG,0.5,,,,
2026-05-04,Naz Reid,REB,5.5,OVER,7.172000000000001,9.0,3.5,HIT,★STRONG,0.87,,,,
2026-05-04,OG Anunoby,REB,6.5,OVER,7.82,3.0,-3.5,MISS,BLW-3m ★STRONG,0.828,,,,
2026-05-04,Josh Hart,AST,4.5,UNDER,3.7960000000000003,6.0,-1.5,MISS,BLW-3m,0.784,,,,
2026-05-04,Mikal Bridges,REB+AST,5.5,UNDER,4.444,7.0,-1.5,MISS,⚠MINS-VOL ★STRONG,0.757,0.1489,,,
2026-05-04,Mikal Bridges,AST,2.5,UNDER,2.06,5.0,-2.5,MISS,⚠MINS-VOL ★STRONG,0.755,,,,
2026-05-04,Andre Drummond,REB,2.5,OVER,9.188,3.0,0.5,HIT,⚠SUSP-268% NO-PO ⚠PO-ROLE ★STRONG,0.744,0.6079,1.5714,,
2026-05-04,De'Aaron Fox,AST,5.5,OVER,6.732,6.0,0.5,HIT,BLW-3m ★STRONG,0.743,0.555,1.7092,,
2026-05-04,Jaden McDaniels,REB,4.5,OVER,6.084,5.0,0.5,HIT,,0.698,,,,
2026-05-04,Luke Kornet,REB,4.5,OVER,5.996,2.0,-2.5,MISS,ROT-RISK TREND↓,0.673,0.4776,1.9524,,
2026-05-04,Julius Randle,REB,6.5,OVER,7.204,10.0,3.5,HIT,,0.669,0.545,1.7194,,
2026-05-04,Mike Conley,REB,2.5,UNDER,2.06,2.0,0.5,HIT,ROT-RISK TREND↓,0.663,0.5589,1.6944,,
2026-05-04,Mitchell Robinson,REB,7.5,UNDER,6.18,4.0,3.5,HIT,⚠BENCH LOW-PO ROT-RISK,0.656,,,,
2026-05-04,VJ Edgecombe,PTS+AST,15.5,OVER,21.308,14.0,-1.5,MISS,NO-PO ⚠PO-ROLE ★STRONG,0.623,0.0566,,,
2026-05-04,Keldon Johnson,REB,3.5,OVER,4.468,2.0,-1.5,MISS,⚠BENCH,0.617,,,,
2026-05-04,Dylan Harper,AST,2.5,OVER,2.764,4.0,1.5,HIT,,0.611,,,,
2026-05-04,Rudy Gobert,REB+AST,12.5,OVER,14.172,13.0,0.5,HIT,★STRONG,0.606,,,,
2026-05-04,Victor Wembanyama,REB+AST,14.5,OVER,16.171999999999997,20.0,5.5,HIT,BLW-3m,0.605,1.0,,,
2026-05-04,Joel Embiid,REB,8.5,OVER,9.556,4.0,-4.5,MISS,NO-PO ⚠PO-ROLE,0.601,,,,
2026-05-04,Dylan Harper,REB,2.5,OVER,3.38,4.0,1.5,HIT,,0.59,,,,
2026-05-04,Anthony Edwards,PTS+AST,28.5,UNDER,23.22,21.0,7.5,HIT,⚠MINS-VOL 1-BOOK HI-USG,0.584,,,,
2026-05-04,Kelly Oubre Jr,REB,5.5,OVER,6.1160000000000005,5.0,-0.5,MISS,NO-PO ⚠PO-ROLE,0.568,0.466,1.9709,,
2026-05-04,VJ Edgecombe,AST,3.5,OVER,6.404,2.0,-1.5,MISS,⚠SUSP-83% NO-PO ⚠PO-ROLE TREND↑,0.549,0.408,2.24,,
2026-05-04,Miles McBride,PTS+AST,8.5,OVER,9.995999999999999,10.0,1.5,HIT,2-BOOK,0.542,0.5157,1.8197,,
2026-05-04,Quentin Grimes,REB,2.5,OVER,2.94,1.0,-1.5,MISS,NO-PO ⚠PO-ROLE TREND↓,0.541,0.0338,,,
2026-05-04,Karl-Anthony Towns,AST,3.5,OVER,5.436,6.0,2.5,HIT,⚠SUSP-55% BLW-3m ★STRONG,0.52,0.5833,1.625,,
2026-05-04,Quentin Grimes,PTS,6.5,OVER,9.228,5.0,-1.5,MISS,⚠SUSP-42% NO-PO ⚠PO-ROLE TREND↓ ★STRONG,0.5,0.5224,1.8,,
2026-05-04,Miles McBride,REB,1.5,OVER,2.116,0.0,-1.5,MISS,⚠SUSP-41% LOW-LINE 1-BOOK,0.5,,,,
2026-05-04,Kelly Oubre Jr,PTS+AST,10.5,OVER,12.876,13.0,2.5,HIT,NO-PO ⚠PO-ROLE TREND↓ ★STRONG,0.5,,,,
2026-05-04,Tyrese Maxey,REB,3.5,OVER,4.1160000000000005,3.0,-0.5,MISS,NO-PO ⚠PO-ROLE TREND↓,0.5,,,,
2026-05-04,Luke Kornet,PTS,4.5,OVER,6.7,2.0,-2.5,MISS,⚠SUSP-49% LO-USG ROT-RISK TREND↑,0.5,0.0196,,,
2026-05-04,Rudy Gobert,AST,1.5,OVER,2.644,3.0,1.5,HIT,⚠SUSP-76% LOW-LINE 1-BOOK ★STRONG,0.5,,,,
2026-05-04,Naz Reid,REB,5.5,OVER,7.172000000000001,9.0,3.5,HIT,★STRONG,0.87,,,,
2026-05-04,OG Anunoby,REB,6.5,OVER,7.82,3.0,-3.5,MISS,BLW-3m ★STRONG,0.828,,,,
2026-05-04,Josh Hart,AST,4.5,UNDER,3.7960000000000003,6.0,-1.5,MISS,BLW-3m,0.784,,,,
2026-05-04,Mikal Bridges,REB+AST,5.5,UNDER,4.444,7.0,-1.5,MISS,⚠MINS-VOL ★STRONG,0.757,0.1489,,,
2026-05-04,Mikal Bridges,AST,2.5,UNDER,2.06,5.0,-2.5,MISS,⚠MINS-VOL ★STRONG,0.755,,,,
2026-05-04,Andre Drummond,REB,2.5,OVER,9.188,3.0,0.5,HIT,⚠SUSP-268% NO-PO ⚠PO-ROLE ★STRONG,0.744,0.6079,1.5714,,
2026-05-04,De'Aaron Fox,AST,5.5,OVER,6.732,6.0,0.5,HIT,BLW-3m ★STRONG,0.743,0.555,1.7092,,
2026-05-04,Jaden McDaniels,REB,4.5,OVER,6.084,5.0,0.5,HIT,,0.698,,,,
2026-05-04,Luke Kornet,REB,4.5,OVER,5.996,2.0,-2.5,MISS,ROT-RISK TREND↓,0.673,0.4776,1.9524,,
2026-05-04,Julius Randle,REB,6.5,OVER,7.204,10.0,3.5,HIT,,0.669,0.545,1.7194,,
2026-05-04,Mike Conley,REB,2.5,UNDER,2.06,2.0,0.5,HIT,ROT-RISK TREND↓,0.663,0.5589,1.6944,,
2026-05-04,Mitchell Robinson,REB,7.5,UNDER,6.18,4.0,3.5,HIT,⚠BENCH LOW-PO ROT-RISK,0.656,,,,
2026-05-04,VJ Edgecombe,PTS+AST,15.5,OVER,21.308,14.0,-1.5,MISS,NO-PO ⚠PO-ROLE ★STRONG,0.623,0.0566,,,
2026-05-04,Keldon Johnson,REB,3.5,OVER,4.468,2.0,-1.5,MISS,⚠BENCH,0.617,,,,
2026-05-04,Dylan Harper,AST,2.5,OVER,2.764,4.0,1.5,HIT,,0.611,,,,
2026-05-04,Rudy Gobert,REB+AST,12.5,OVER,14.172,13.0,0.5,HIT,★STRONG,0.606,,,,
2026-05-04,Victor Wembanyama,REB+AST,14.5,OVER,16.171999999999997,20.0,5.5,HIT,BLW-3m,0.605,1.0,,,
2026-05-04,Joel Embiid,REB,8.5,OVER,9.556,4.0,-4.5,MISS,NO-PO ⚠PO-ROLE,0.601,,,,
2026-05-04,Dylan Harper,REB,2.5,OVER,3.38,4.0,1.5,HIT,,0.59,,,,
2026-05-04,Anthony Edwards,PTS+AST,28.5,UNDER,23.22,21.0,7.5,HIT,⚠MINS-VOL 1-BOOK HI-USG,0.584,,,,
2026-05-04,Kelly Oubre Jr,REB,5.5,OVER,6.1160000000000005,5.0,-0.5,MISS,NO-PO ⚠PO-ROLE,0.568,0.466,1.9709,,
2026-05-04,VJ Edgecombe,AST,3.5,OVER,6.404,2.0,-1.5,MISS,⚠SUSP-83% NO-PO ⚠PO-ROLE TREND↑,0.549,0.408,2.24,,
2026-05-04,Miles McBride,PTS+AST,8.5,OVER,9.995999999999999,10.0,1.5,HIT,2-BOOK,0.542,0.5157,1.8197,,
2026-05-04,Quentin Grimes,REB,2.5,OVER,2.94,1.0,-1.5,MISS,NO-PO ⚠PO-ROLE TREND↓,0.541,0.0338,,,
2026-05-04,Karl-Anthony Towns,AST,3.5,OVER,5.436,6.0,2.5,HIT,⚠SUSP-55% BLW-3m ★STRONG,0.52,0.5833,1.625,,
2026-05-04,Quentin Grimes,PTS,6.5,OVER,9.228,5.0,-1.5,MISS,⚠SUSP-42% NO-PO ⚠PO-ROLE TREND↓ ★STRONG,0.5,0.5224,1.8,,
2026-05-04,Miles McBride,REB,1.5,OVER,2.116,0.0,-1.5,MISS,⚠SUSP-41% LOW-LINE 1-BOOK,0.5,,,,
2026-05-04,Kelly Oubre Jr,PTS+AST,10.5,OVER,12.876,13.0,2.5,HIT,NO-PO ⚠PO-ROLE TREND↓ ★STRONG,0.5,,,,
2026-05-04,Tyrese Maxey,REB,3.5,OVER,4.1160000000000005,3.0,-0.5,MISS,NO-PO ⚠PO-ROLE TREND↓,0.5,,,,
2026-05-04,Luke Kornet,PTS,4.5,OVER,6.7,2.0,-2.5,MISS,⚠SUSP-49% LO-USG ROT-RISK TREND↑,0.5,0.0196,,,
2026-05-04,Rudy Gobert,AST,1.5,OVER,2.644,3.0,1.5,HIT,⚠SUSP-76% LOW-LINE 1-BOOK ★STRONG,0.5,,,,
2026-05-05,Donovan Mitchell,AST,4.5,UNDER,3.18,2.0,2.5,HIT,★STRONG,0.936,0.574,1.6452,,
2026-05-05,Dean Wade,REB,3.5,OVER,4.38,3.0,-0.5,MISS,,0.81,,,,
2026-05-05,Tobias Harris,REB,6.5,OVER,7.9959999999999996,8.0,1.5,HIT,BLW-0m,0.81,0.3173,2.8,,
2026-05-05,Jalen Duren,PTS,16.5,UNDER,12.804,11.0,5.5,HIT,BLW-0m ★STRONG,0.796,,,,
2026-05-05,Jarrett Allen,AST,1.5,UNDER,0.972,1.0,0.5,HIT,LOW-LINE 2-BOOK ★STRONG,0.785,,,,
2026-05-05,Rui Hachimura,REB,3.5,OVER,4.468,2.0,-1.5,MISS,,0.751,,,,
2026-05-05,Max Strus,REB+AST,5.5,OVER,7.7,7.0,1.5,HIT,★STRONG,0.747,,,,
2026-05-05,Deandre Ayton,REB,7.5,OVER,10.315999999999999,12.0,4.5,HIT,,0.747,0.5312,1.7692,,
2026-05-05,Evan Mobley,AST,2.5,OVER,3.38,5.0,2.5,HIT,,0.718,0.5548,1.7042,,
2026-05-05,Ausar Thompson,REB,6.5,OVER,8.172,8.0,1.5,HIT,BLW-0m ★STRONG,0.713,,,,
2026-05-05,Shai Gilgeous-Alexander,REB,4.5,UNDER,3.708,2.0,2.5,HIT,BLW-3m,0.695,0.7179,1.3448,,
2026-05-05,LeBron James,AST,7.5,OVER,8.644,6.0,-1.5,MISS,,0.694,,,,
2026-05-05,Ajay Mitchell,PTS+AST,19.5,UNDER,16.067999999999998,22.0,-2.5,MISS,BLW-3m,0.677,,,,
2026-05-05,Luguentz Dort,AST,1.0,OVER,1.1760000000000002,4.0,3.0,HIT,LOW-LINE 2-BOOK,0.668,,,,
2026-05-05,Marcus Smart,REB+AST,5.5,OVER,8.58,11.0,5.5,HIT,⚠SUSP-56%,0.649,,,,
2026-05-05,Sam Merrill,AST,1.5,UNDER,1.236,1.0,0.5,HIT,LOW-LINE 2-BOOK,0.644,,,,
2026-05-05,Duncan Robinson,REB+AST,4.5,OVER,5.732,2.0,-2.5,MISS,BLW-0m,0.634,,,,
2026-05-05,Luke Kennard,AST,1.5,OVER,3.3480000000000003,1.0,-0.5,MISS,⚠SUSP-123% LOW-LINE ★STRONG,0.613,,,,
2026-05-05,Jaxson Hayes,REB,3.5,UNDER,2.884,6.0,-2.5,MISS,⚠BENCH ⚠MINS-VOL,0.61,,,,
2026-05-05,Isaiah Hartenstein,REB,8.5,OVER,9.468,9.0,0.5,HIT,,0.609,0.4522,2.06,,
2026-05-05,Jake LaRavia,REB,2.5,OVER,3.028,1.0,-1.5,MISS,⚠BENCH,0.602,,,,
2026-05-05,Cason Wallace,REB,2.5,OVER,3.292,4.0,1.5,HIT,,0.589,,,,
2026-05-05,Marcus Smart,AST,2.5,OVER,4.787999999999999,7.0,4.5,HIT,⚠SUSP-92% ★STRONG,0.565,,,,
2026-05-05,Daniss Jenkins,AST,2.5,OVER,3.7319999999999998,3.0,0.5,HIT,⚠SUSP-49% ⚠BENCH ⚠MINS-VOL,0.552,,,,
2026-05-05,Jalen Duren,AST,1.5,OVER,2.4680000000000004,4.0,2.5,HIT,⚠SUSP-64% LOW-LINE BLW-0m,0.542,0.5965,1.5988,,
2026-05-05,Luke Kennard,REB+AST,4.5,OVER,7.14,6.0,1.5,HIT,⚠SUSP-59% 2-BOOK ★STRONG,0.541,,,,
2026-05-05,Duncan Robinson,AST,1.5,OVER,2.4680000000000004,2.0,0.5,HIT,⚠SUSP-64% LOW-LINE BLW-0m ★STRONG,0.537,,,,
2026-05-05,Jaylon Tyson,REB,2.5,OVER,3.468,5.0,2.5,HIT,⚠BENCH,0.518,,,,
2026-05-05,Rui Hachimura,AST,0.5,OVER,1.116,2.0,1.5,HIT,⚠SUSP-123% LOW-LINE,0.51,0.6747,1.4255,,
2026-05-05,Isaiah Joe,PTS,6.5,OVER,11.956,9.0,2.5,HIT,⚠SUSP-84% ⚠BENCH ★STRONG,0.5,,,,
2026-05-05,Alex Caruso,REB,2.5,OVER,3.6439999999999997,2.0,-0.5,MISS,⚠SUSP-46%,0.5,,,,
2026-05-05,Jaylin Williams,REB,2.5,OVER,3.38,7.0,4.5,HIT,⚠BENCH ⚠MINS-VOL,0.5,,,,
2026-05-06,De'Aaron Fox,AST,5.5,OVER,6.9079999999999995,2.0,-3.5,MISS,BLW-1m ★STRONG,0.812,0.5468,1.7353,,
2026-05-06,Josh Hart,PTS+AST,16.5,UNDER,13.068,11.0,5.5,HIT,BLW-4m,0.785,,,,
2026-05-06,Dylan Harper,AST,3.5,UNDER,2.972,5.0,-1.5,MISS,★STRONG,0.747,0.573,1.6452,,
2026-05-06,Paul George,3PM,2.5,OVER,3.38,5.0,2.5,HIT,★STRONG,0.742,,,,
2026-05-06,Karl-Anthony Towns,REB,11.5,UNDER,9.652000000000001,10.0,1.5,HIT,BLW-4m,0.736,,,,
2026-05-06,Julius Randle,REB,6.5,OVER,7.732,5.0,-1.5,MISS,,0.732,,,,
2026-05-06,Kelly Oubre Jr,PTS+AST,14.0,UNDER,10.92,21.0,-7.0,MISS,,0.731,,,,
2026-05-06,Jalen Brunson,REB+AST,9.5,UNDER,7.9159999999999995,7.0,2.5,HIT,BLW-4m ★STRONG,0.726,,,,
2026-05-06,Kelly Oubre Jr,PTS,13.0,UNDER,9.656,19.0,-6.0,MISS,★STRONG,0.715,,,,
2026-05-06,Naz Reid,REB+AST,8.0,OVER,9.232,7.0,-1.0,MISS,2-BOOK ★STRONG,0.706,,,,
2026-05-06,Quentin Grimes,REB+AST,4.5,OVER,5.644,6.0,1.5,HIT,,0.684,0.5411,1.7407,,
2026-05-06,Stephon Castle,3PM,1.5,OVER,2.028,0.0,-1.5,MISS,LOW-LINE BLW-1m ★STRONG,0.682,,,,
2026-05-06,Mike Conley,REB+AST,4.5,OVER,5.732,4.0,-0.5,MISS,⚠MINS-VOL,0.676,0.5638,1.6803,,
2026-05-06,OG Anunoby,REB,5.5,OVER,6.468,5.0,-0.5,MISS,BLW-4m ★STRONG,0.674,,,,
2026-05-06,Jaden McDaniels,REB,4.5,OVER,5.9079999999999995,3.0,-1.5,MISS,,0.661,,,,
2026-05-06,Karl-Anthony Towns,AST,4.5,OVER,5.732,7.0,2.5,HIT,BLW-4m,0.66,0.4232,2.16,,
2026-05-06,Devin Vassell,REB+AST,6.5,OVER,7.644,9.0,2.5,HIT,BLW-1m,0.641,,,,
2026-05-06,Rudy Gobert,REB+AST,12.5,OVER,13.82,11.0,-1.5,MISS,★STRONG,0.631,,,,
2026-05-06,Julian Champagnie,PTS+AST,9.5,OVER,11.612,14.0,4.5,HIT,BLW-1m ★STRONG,0.628,,,,
2026-05-06,Naz Reid,AST,1.5,OVER,1.8519999999999999,0.0,-1.5,MISS,LOW-LINE,0.619,,,,
2026-05-06,Quentin Grimes,AST,2.0,OVER,2.5280000000000005,3.0,1.0,HIT,,0.614,0.0476,,,
2026-05-06,Adem Bona,REB,3.5,OVER,4.38,7.0,3.5,HIT,⚠BENCH,0.608,,,,
2026-05-06,Mike Conley,AST,2.5,OVER,3.6439999999999997,3.0,0.5,HIT,⚠SUSP-46% ⚠MINS-VOL ★STRONG,0.579,0.5688,1.6711,,
2026-05-06,Miles McBride,AST,1.5,UNDER,1.236,1.0,0.5,HIT,⚠BENCH LOW-LINE ⚠MINS-VOL,0.579,,,,
2026-05-06,Andre Drummond,3PM,0.5,OVER,0.6759999999999999,0.0,-0.5,MISS,LOW-LINE ⚠MINS-VOL 2-BOOK,0.567,0.4002,2.3,,
2026-05-06,Anthony Edwards,REB,3.5,OVER,4.468,3.0,-0.5,MISS,⚠MINS-VOL,0.559,,,,
2026-05-06,Luke Kornet,REB,3.5,OVER,5.9639999999999995,2.0,-1.5,MISS,⚠SUSP-70% ⚠BENCH ⚠MINS-VOL ★STRONG,0.536,0.445,2.09,,
2026-05-06,Jose Alvarado,PRA,6.5,OVER,17.236,4.0,-2.5,MISS,⚠SUSP-165% ⚠BENCH 1-BOOK TREND↑ ★STRONG,0.532,,,,
2026-05-06,Ayo Dosunmu,REB,2.5,OVER,3.9079999999999995,0.0,-2.5,MISS,⚠SUSP-56% ★STRONG,0.506,,,,
2026-05-06,Tyrese Maxey,REB,3.5,OVER,4.9079999999999995,3.0,-0.5,MISS,⚠SUSP-40%,0.5,0.565,1.6849,,
2026-05-06,Justin Edwards,PRA,5.5,OVER,7.172000000000001,,,MISS,⚠BENCH ⚠MINS-VOL 1-BOOK,0.5,,,,
2026-05-06,Miles McBride,PRA,10.5,UNDER,8.212,6.0,4.5,HIT,⚠BENCH ⚠MINS-VOL,0.5,0.4921,1.9009,,
2026-05-06,Terrence Shannon Jr.,PRA,13.5,OVER,20.716,18.0,4.5,HIT,⚠SUSP-54% ⚠MINS-VOL 1-BOOK,0.5,,,,
2026-05-06,Devin Vassell,REB,3.5,OVER,4.9079999999999995,5.0,1.5,HIT,⚠SUSP-40% BLW-1m,0.5,,,,
2026-05-06,Rudy Gobert,AST,1.5,OVER,2.732,1.0,-0.5,MISS,⚠SUSP-82% LOW-LINE ★STRONG,0.5,,,,
2026-05-08,Devin Vassell,AST,2.5,OVER,3.2039999999999997,3.0,0.5,HIT,,0.844,,,,
2026-05-08,Jalen Brunson,REB,3.5,UNDER,2.18,5.0,-1.5,MISS,★STRONG,0.837,,,,
2026-05-08,Josh Hart,PTS+AST,18.0,UNDER,14.304,15.0,3.0,HIT,,0.808,,,,
2026-05-08,Anthony Edwards,AST,3.5,UNDER,2.444,6.0,-2.5,MISS,⚠MINS-VOL ★STRONG,0.804,,,,
2026-05-08,Mikal Bridges,REB+AST,7.0,UNDER,5.68,4.0,3.0,HIT,★STRONG,0.755,,,,
2026-05-08,Jaden McDaniels,AST,2.5,OVER,3.028,2.0,-0.5,MISS,★STRONG,0.746,,,,
2026-05-08,Miles McBride,PTS+AST,12.5,UNDER,7.66,5.0,7.5,HIT,⚠BENCH ⚠MINS-VOL 2-BOOK,0.726,,,,
2026-05-08,Stephon Castle,REB,5.5,UNDER,4.532,4.0,1.5,HIT,,0.715,,,,
2026-05-08,Quentin Grimes,REB+AST,4.5,OVER,5.732,4.0,-0.5,MISS,,0.705,0.5134,1.8264,,
2026-05-08,Josh Hart,PTS,12.5,UNDER,9.42,12.0,0.5,HIT,★STRONG,0.699,,,,
2026-05-08,Kelly Oubre Jr,REB+AST,6.5,OVER,7.38,9.0,2.5,HIT,★STRONG,0.696,,,,
2026-05-08,Keldon Johnson,REB+AST,4.5,OVER,6.172000000000001,3.0,-1.5,MISS,⚠BENCH 2-BOOK ★STRONG,0.694,0.5507,1.7143,,
2026-05-08,Julian Champagnie,PTS+AST,9.5,OVER,12.052000000000001,9.0,-0.5,MISS,★STRONG,0.67,,,,
2026-05-08,Naz Reid,REB,6.5,OVER,7.292000000000001,9.0,2.5,HIT,★STRONG,0.669,0.4353,2.12,,
2026-05-08,Rudy Gobert,REB+AST,12.5,OVER,13.995999999999999,9.0,-3.5,MISS,★STRONG,0.649,,,,
2026-05-08,Miles McBride,REB,2.5,UNDER,1.356,0.0,2.5,HIT,⚠SUSP-46% ⚠BENCH ⚠MINS-VOL ★STRONG,0.64,0.569,1.7576,,
2026-05-08,Dylan Harper,REB+AST,6.5,OVER,7.82,5.0,-1.5,MISS,,0.636,,,,
2026-05-08,Karl-Anthony Towns,AST,4.5,OVER,6.876,7.0,2.5,HIT,⚠SUSP-53%,0.623,,,,
2026-05-08,Terrence Shannon Jr.,PRA,15.0,OVER,20.368000000000002,9.0,-6.0,MISS,⚠MINS-VOL 2-BOOK,0.61,0.445,2.09,,
2026-05-08,Dylan Harper,REB,3.5,OVER,4.556,4.0,0.5,HIT,,0.595,,,,
2026-05-08,Paul George,3PM,2.5,OVER,3.6439999999999997,3.0,0.5,HIT,⚠SUSP-46% ★STRONG,0.588,,,,
2026-05-08,Joel Embiid,AST,4.5,OVER,5.028,5.0,0.5,HIT,★STRONG,0.578,,,,
2026-05-08,Tyrese Maxey,REB,3.5,OVER,4.38,2.0,-1.5,MISS,,0.548,0.5874,1.6061,,
2026-05-08,Quentin Grimes,AST,1.5,OVER,2.5560000000000005,2.0,0.5,HIT,⚠SUSP-70% LOW-LINE,0.5,,,,
2026-05-08,Luke Kornet,REB,3.5,OVER,5.436,1.0,-2.5,MISS,⚠SUSP-55% ⚠BENCH ⚠MINS-VOL ★STRONG,0.5,0.4613,2.0,,
2026-05-08,Devin Vassell,REB,3.5,OVER,5.348,6.0,2.5,HIT,⚠SUSP-53% ★STRONG,0.5,,,,
2026-05-08,Terrence Shannon Jr.,PTS,10.5,OVER,15.428,5.0,-5.5,MISS,⚠SUSP-47% ⚠MINS-VOL,0.5,,,,
2026-05-08,Ayo Dosunmu,PTS,9.5,OVER,13.548,11.0,1.5,HIT,⚠SUSP-43% ⚠MINS-VOL ★STRONG,0.5,0.5067,1.8511,,
2026-05-08,Rudy Gobert,AST,1.5,OVER,2.644,2.0,0.5,HIT,⚠SUSP-76% LOW-LINE ★STRONG,0.5,,,,
2026-05-08,Mike Conley,REB,1.5,OVER,1.94,2.0,0.5,HIT,⚠BENCH LOW-LINE ⚠MINS-VOL,0.5,0.5922,1.6061,,
2026-05-08,Harrison Barnes,PRA,4.5,OVER,5.996,1.0,-3.5,MISS,⚠BENCH 1-BOOK ★STRONG,0.5,,,,
2026-05-09,Donovan Mitchell,REB,3.5,OVER,4.732,10.0,6.5,HIT,★STRONG,0.822,,,,
2026-05-09,Max Strus,REB,3.5,OVER,4.82,5.0,1.5,HIT,,0.786,,,,
2026-05-09,Tobias Harris,REB,6.5,OVER,7.732,5.0,-1.5,MISS,★STRONG,0.779,0.3173,2.8,,
2026-05-09,Marcus Smart,REB+AST,7.5,OVER,9.172,6.0,-1.5,MISS,,0.764,0.4643,2.0,,
2026-05-09,Duncan Robinson,3PM,2.5,OVER,3.38,4.0,1.5,HIT,★STRONG,0.758,,,,
2026-05-09,Dean Wade,REB,3.5,OVER,4.204,1.0,-2.5,MISS,,0.752,,,,
2026-05-09,Alex Caruso,REB,2.5,OVER,3.38,2.0,-0.5,MISS,DvP-0.85,0.749,,,,
2026-05-09,Ajay Mitchell,AST,3.5,OVER,4.468,10.0,6.5,HIT,,0.739,,,,
2026-05-09,Cason Wallace,REB+AST,4.5,OVER,5.732,2.0,-2.5,MISS,,0.728,0.528,1.7812,,
2026-05-09,Ausar Thompson,REB,6.5,OVER,7.9959999999999996,7.0,0.5,HIT,★STRONG,0.704,,,,
2026-05-09,Deandre Ayton,REB+AST,9.5,OVER,11.436,6.0,-3.5,MISS,★STRONG,0.701,,,,
2026-05-09,Chet Holmgren,REB,8.5,OVER,9.556,9.0,0.5,HIT,,0.673,,,,
2026-05-09,Shai Gilgeous-Alexander,REB,3.5,UNDER,2.972,4.0,-0.5,MISS,DvP-0.85,0.67,0.3545,,,
2026-05-09,Rui Hachimura,3PM,2.5,OVER,3.028,5.0,2.5,HIT,,0.667,0.3602,2.48,,
2026-05-09,Luke Kennard,REB,2.5,OVER,3.292,2.0,-0.5,MISS,★STRONG,0.641,,,,
2026-05-09,Daniss Jenkins,AST,3.5,OVER,3.94,3.0,-0.5,MISS,⚠MINS-VOL,0.638,,,,
2026-05-09,Cade Cunningham,AST,8.5,OVER,9.379999999999999,10.0,1.5,HIT,,0.628,0.5404,1.7519,,
2026-05-09,Jaylon Tyson,PTS,7.5,UNDER,5.74,3.0,4.5,HIT,⚠BENCH,0.619,,,,
2026-05-09,Cason Wallace,AST,1.5,OVER,2.5560000000000005,1.0,-0.5,MISS,⚠SUSP-70% LOW-LINE ★STRONG,0.586,,,,
2026-05-09,Dean Wade,AST,0.5,OVER,0.6759999999999999,0.0,-0.5,MISS,LOW-LINE 2-BOOK,0.581,0.6485,1.4785,,
2026-05-09,Duncan Robinson,AST,1.5,OVER,2.4680000000000004,4.0,2.5,HIT,⚠SUSP-64% LOW-LINE ★STRONG,0.578,,,,
2026-05-09,Luguentz Dort,PTS+REB,9.5,UNDER,7.9159999999999995,13.0,-3.5,MISS,,0.571,,,,
2026-05-09,Marcus Smart,AST,3.5,OVER,5.348,3.0,-0.5,MISS,⚠SUSP-53% ★STRONG,0.547,,,,
2026-05-09,Jared McCain,PRA,8.5,OVER,11.491999999999999,4.0,-4.5,MISS,⚠BENCH 2-BOOK,0.535,,,,
2026-05-09,Daniss Jenkins,REB,2.5,OVER,3.116,1.0,-1.5,MISS,⚠MINS-VOL,0.532,,,,
2026-05-09,Jalen Duren,AST,1.5,OVER,2.3800000000000003,1.0,-0.5,MISS,⚠SUSP-59% LOW-LINE,0.529,,,,
2026-05-09,Luguentz Dort,AST,1.5,OVER,1.764,0.0,-1.5,MISS,LOW-LINE,0.507,,,,
2026-05-09,Caris LeVert,PRA,5.5,OVER,10.604000000000001,8.0,2.5,HIT,⚠SUSP-93% ⚠BENCH ⚠MINS-VOL 1-BOOK,0.5,,,,
2026-05-09,Jaylon Tyson,AST,1.5,OVER,1.8519999999999999,2.0,0.5,HIT,⚠BENCH LOW-LINE 1-BOOK,0.5,,,,
2026-05-09,Isaiah Joe,PTS,3.5,OVER,7.9879999999999995,12.0,8.5,HIT,⚠SUSP-128% ⚠BENCH ⚠MINS-VOL 1-BOOK,0.5,0.5,1.8772,,
2026-05-09,Deandre Ayton,AST,0.5,OVER,0.8520000000000001,0.0,-0.5,MISS,⚠SUSP-70% LOW-LINE,0.5,0.5445,1.7353,,
2026-05-09,Jake LaRavia,PTS+REB,6.0,UNDER,4.5920000000000005,,,MISS,⚠BENCH 2-BOOK,0.5,0.5455,1.7299,,
2026-05-10,Devin Vassell,AST,2.5,OVER,3.116,3.0,0.5,HIT,,0.83,0.4809,1.939,,
2026-05-10,Anthony Edwards,AST,4.5,UNDER,3.004,2.0,2.5,HIT,⚠MINS-VOL,0.826,,,,
2026-05-10,Victor Wembanyama,AST,3.5,UNDER,2.7960000000000003,1.0,2.5,HIT,⚠MINS-VOL ★STRONG,0.731,0.5697,1.6667,,
2026-05-10,Stephon Castle,AST,6.5,OVER,7.908,4.0,-2.5,MISS,DvP+1.12,0.719,,,,
2026-05-10,Jaden McDaniels,AST,2.5,OVER,2.94,0.0,-2.5,MISS,,0.717,,,,
2026-05-10,Dylan Harper,AST,3.5,UNDER,2.972,1.0,2.5,HIT,DvP+1.12 ★STRONG,0.714,0.5833,1.625,,
2026-05-10,Naz Reid,REB,6.5,OVER,7.556,9.0,2.5,HIT,★STRONG,0.71,,,,
2026-05-10,De'Aaron Fox,AST,5.5,OVER,6.204,3.0,-2.5,MISS,DvP+1.12,0.662,,,,
2026-05-10,Jaden McDaniels,REB,4.5,OVER,5.9079999999999995,6.0,1.5,HIT,,0.656,,,,
2026-05-10,Julian Champagnie,REB+AST,6.5,OVER,8.436,8.0,1.5,HIT,,0.655,0.4545,2.04,,
2026-05-10,Dylan Harper,REB,3.5,OVER,4.556,7.0,3.5,HIT,,0.602,,,,
2026-05-10,Terrence Shannon Jr.,REB,2.5,OVER,3.2039999999999997,2.0,-0.5,MISS,⚠MINS-VOL,0.584,0.4877,1.9132,,
2026-05-10,Keldon Johnson,REB,3.5,OVER,4.468,3.0,-0.5,MISS,⚠BENCH DvP+1.13,0.581,,,,
2026-05-10,Julian Champagnie,REB,4.5,OVER,6.612,5.0,0.5,HIT,⚠SUSP-47% DvP+1.13,0.56,,,,
2026-05-10,Terrence Shannon Jr.,PTS,8.5,OVER,14.484,8.0,-0.5,MISS,⚠SUSP-70% ⚠MINS-VOL ★STRONG,0.5,0.5,1.8772,,
2026-05-10,Devin Vassell,REB,4.0,OVER,5.76,1.0,-3.0,MISS,⚠SUSP-44% DvP+1.13 ★STRONG,0.5,0.418,2.2,,
2026-05-10,Naz Reid,AST,1.5,OVER,2.116,4.0,2.5,HIT,⚠SUSP-41% LOW-LINE,0.5,0.5923,1.6098,,
2026-05-10,Rudy Gobert,AST,1.5,OVER,2.4680000000000004,4.0,2.5,HIT,⚠SUSP-64% LOW-LINE ★STRONG,0.5,,,,
2026-05-11,Donovan Mitchell,AST,4.5,UNDER,3.268,2.0,2.5,HIT,★STRONG,0.925,,,,
2026-05-11,Shai Gilgeous-Alexander,REB,4.5,UNDER,3.268,1.0,3.5,HIT,DvP-0.88 ★STRONG,0.856,0.5833,1.625,,
2026-05-11,Max Strus,REB,3.5,OVER,4.82,4.0,0.5,HIT,,0.79,0.5869,1.6173,,
2026-05-11,Rui Hachimura,3PM,2.5,OVER,3.468,4.0,1.5,HIT,,0.771,,,,
2026-05-11,Ajay Mitchell,REB+AST,7.5,OVER,9.524,7.0,-0.5,MISS,,0.741,,,,
2026-05-11,Austin Reaves,REB,4.5,UNDER,3.708,7.0,-2.5,MISS,★STRONG,0.722,,,,
2026-05-11,LeBron James,AST,7.5,OVER,8.644,3.0,-4.5,MISS,,0.719,,,,
2026-05-11,Ajay Mitchell,AST,4.5,OVER,5.9079999999999995,4.0,-0.5,MISS,,0.707,,,,
2026-05-11,Tobias Harris,PTS+AST,20.5,OVER,23.052,21.0,0.5,HIT,★STRONG,0.706,0.4776,1.9524,,
2026-05-11,Tobias Harris,AST,1.5,UNDER,1.236,5.0,-3.5,MISS,LOW-LINE,0.691,0.2066,,,
2026-05-11,Alex Caruso,REB,2.5,OVER,3.116,4.0,1.5,HIT,DvP-0.88,0.683,,,,
2026-05-11,Duncan Robinson,PRA,16.5,OVER,19.228,6.0,-10.5,MISS,★STRONG,0.645,,,,
2026-05-11,Duncan Robinson,3PM,2.5,OVER,3.644,1.0,-1.5,MISS,⚠SUSP-46% DvP+1.12 ★STRONG,0.632,,,,
2026-05-11,Evan Mobley,AST,3.5,OVER,3.852,5.0,1.5,HIT,DvP+1.13,0.63,,,,
2026-05-11,Rui Hachimura,AST,1.5,OVER,1.94,2.0,0.5,HIT,LOW-LINE,0.63,,,,
2026-05-11,Cade Cunningham,REB+AST,14.5,OVER,16.084,9.0,-5.5,MISS,,0.629,,,,
2026-05-11,Cason Wallace,PRA,11.5,OVER,13.788,5.0,-6.5,MISS,★STRONG,0.628,0.5,1.8772,,
2026-05-11,Luguentz Dort,3PM,1.5,OVER,1.94,2.0,0.5,HIT,LOW-LINE DvP+1.14,0.625,,,,
2026-05-11,Marcus Smart,REB+AST,7.5,OVER,8.556,5.0,-2.5,MISS,,0.622,0.4393,2.1,,
2026-05-11,Daniss Jenkins,AST,3.5,OVER,3.852,3.0,-0.5,MISS,⚠MINS-VOL,0.619,0.6148,1.5495,,
2026-05-11,Daniss Jenkins,PTS,9.5,UNDER,7.739999999999999,2.0,7.5,HIT,⚠MINS-VOL,0.608,,,,
2026-05-11,Deandre Ayton,REB+AST,8.5,OVER,9.996,4.0,-4.5,MISS,★STRONG,0.605,0.5495,1.7143,,
2026-05-11,Ausar Thompson,AST,3.0,OVER,3.967999999999999,1.0,-2.0,MISS,,0.59,0.3961,2.32,,
2026-05-11,Luke Kennard,REB,2.5,OVER,3.028,2.0,-0.5,MISS,★STRONG,0.575,,,,
2026-05-11,Cade Cunningham,REB,5.5,OVER,6.292000000000001,3.0,-2.5,MISS,,0.573,,,,
2026-05-11,James Harden,REB,4.5,OVER,5.1160000000000005,0.0,-4.5,MISS,,0.561,,,,
2026-05-11,Dean Wade,PRA,8.0,OVER,8.879999999999999,5.0,-3.0,MISS,LO-USG ★STRONG,0.549,0.5476,1.7246,,
2026-05-11,Cason Wallace,AST,1.5,OVER,2.3800000000000003,0.0,-1.5,MISS,⚠SUSP-59% LOW-LINE ★STRONG,0.544,,,,
2026-05-11,Deandre Ayton,AST,0.5,OVER,0.6759999999999999,1.0,0.5,HIT,LOW-LINE,0.535,0.5079,1.8475,,
2026-05-11,Dean Wade,PTS,3.5,OVER,4.9079999999999995,0.0,-3.5,MISS,⚠SUSP-40% LO-USG ★STRONG,0.5,0.4841,1.9434,,
2026-05-11,Jaylon Tyson,3PM,0.5,OVER,0.94,0.0,-0.5,MISS,⚠SUSP-88% ⚠BENCH LOW-LINE,0.5,0.6345,1.5063,,
2026-05-11,Marcus Smart,AST,3.5,OVER,4.996,3.0,-0.5,MISS,⚠SUSP-43%,0.5,,,,
2026-05-11,Isaiah Joe,PTS,5.5,OVER,8.315999999999999,0.0,-5.5,MISS,⚠SUSP-51% ⚠BENCH,0.5,0.5248,1.8,,
2026-05-11,Luguentz Dort,AST,0.5,OVER,1.38,0.0,-0.5,MISS,⚠SUSP-176% LOW-LINE,0.5,,,,
2026-05-12,Anthony Edwards,AST,4.5,UNDER,3.004,2.0,2.5,HIT,⚠MINS-VOL ★STRONG,0.836,,,,
2026-05-12,Devin Vassell,AST,2.5,OVER,2.94,2.0,-0.5,MISS,BLW-2m,0.769,,,,
2026-05-12,Naz Reid,AST,2.5,UNDER,2.06,2.0,0.5,HIT,,0.747,,,,
2026-05-12,Victor Wembanyama,AST,3.5,UNDER,2.62,5.0,-1.5,MISS,⚠MINS-VOL ★STRONG,0.746,0.5922,1.6061,,
2026-05-12,Dylan Harper,AST,3.5,UNDER,2.884,2.0,1.5,HIT,DvP+1.12 ★STRONG,0.735,,,,
2026-05-12,Rudy Gobert,REB,9.5,OVER,10.556,5.0,-4.5,MISS,,0.658,,,,
2026-05-12,Julian Champagnie,REB,4.5,OVER,5.644,4.0,-0.5,MISS,BLW-2m,0.646,,,,
2026-05-12,Julius Randle,REB,6.5,OVER,7.204,10.0,3.5,HIT,,0.646,,,,
2026-05-12,Dylan Harper,REB,3.5,OVER,4.732,10.0,6.5,HIT,,0.64,,,,
2026-05-12,Keldon Johnson,REB,3.5,OVER,4.38,2.0,-1.5,MISS,⚠BENCH,0.565,,,,
2026-05-12,Terrence Shannon Jr.,REB,2.5,OVER,2.94,0.0,-2.5,MISS,⚠MINS-VOL,0.522,0.4184,2.2,,
2026-05-12,Mike Conley,PTS,2.5,OVER,5.667999999999999,5.0,2.5,HIT,⚠SUSP-127% ⚠BENCH ⚠MINS-VOL LO-USG ★STRONG,0.5,0.4785,1.9615,,
2026-05-12,Terrence Shannon Jr.,PTS,7.0,OVER,12.632,2.0,-5.0,MISS,⚠SUSP-80% ⚠MINS-VOL ★STRONG,0.5,,,,
2026-05-12,Luke Kornet,REB,3.5,OVER,4.9079999999999995,0.0,-3.5,MISS,⚠SUSP-40% ⚠BENCH ⚠MINS-VOL,0.5,,,,
2026-05-12,Rudy Gobert,AST,1.5,OVER,2.4680000000000004,0.0,-1.5,MISS,⚠SUSP-64% LOW-LINE ★STRONG,0.5,,,,
2026-05-12,Anthony Edwards,AST,4.5,UNDER,3.004,2.0,2.5,HIT,⚠MINS-VOL ★STRONG,0.836,,,,
2026-05-12,Devin Vassell,AST,2.5,OVER,2.94,2.0,-0.5,MISS,BLW-2m,0.769,,,,
2026-05-12,Naz Reid,AST,2.5,UNDER,2.06,2.0,0.5,HIT,,0.747,,,,
2026-05-12,Victor Wembanyama,AST,3.5,UNDER,2.62,5.0,-1.5,MISS,⚠MINS-VOL ★STRONG,0.746,0.5922,1.6061,,
2026-05-12,Dylan Harper,AST,3.5,UNDER,2.884,2.0,1.5,HIT,DvP+1.12 ★STRONG,0.735,,,,
2026-05-12,Rudy Gobert,REB,9.5,OVER,10.556,5.0,-4.5,MISS,,0.658,,,,
2026-05-12,Julian Champagnie,REB,4.5,OVER,5.644,4.0,-0.5,MISS,BLW-2m,0.646,,,,
2026-05-12,Julius Randle,REB,6.5,OVER,7.204,10.0,3.5,HIT,,0.646,,,,
2026-05-12,Dylan Harper,REB,3.5,OVER,4.732,10.0,6.5,HIT,,0.64,,,,
2026-05-12,Keldon Johnson,REB,3.5,OVER,4.38,2.0,-1.5,MISS,⚠BENCH,0.565,,,,
2026-05-12,Terrence Shannon Jr.,REB,2.5,OVER,2.94,0.0,-2.5,MISS,⚠MINS-VOL,0.522,0.4184,2.2,,
2026-05-12,Mike Conley,PTS,2.5,OVER,5.667999999999999,5.0,2.5,HIT,⚠SUSP-127% ⚠BENCH ⚠MINS-VOL LO-USG ★STRONG,0.5,0.4785,1.9615,,
2026-05-12,Terrence Shannon Jr.,PTS,7.0,OVER,12.632,2.0,-5.0,MISS,⚠SUSP-80% ⚠MINS-VOL ★STRONG,0.5,,,,
2026-05-12,Luke Kornet,REB,3.5,OVER,4.9079999999999995,0.0,-3.5,MISS,⚠SUSP-40% ⚠BENCH ⚠MINS-VOL,0.5,,,,
2026-05-12,Rudy Gobert,AST,1.5,OVER,2.4680000000000004,0.0,-1.5,MISS,⚠SUSP-64% LOW-LINE ★STRONG,0.5,,,,
